departamento_codigo,departamento,municipio_indice,municipio_codigo,municipio,fecha_extraccion,fuente_url
16,ALTA VERAPAZ,0,TODOS,TODOS,2026-07-14T23:53:06+00:00,https://www.mineduc.gob.gt/BUSCAESTABLECIMIENTO_GE/
16,ALTA VERAPAZ,1,14,CHAHAL,2026-07-14T23:53:06+00:00,https://www.mineduc.gob.gt/BUSCAESTABLECIMIENTO_GE/
16,ALTA VERAPAZ,2,13,CHISEC,2026-07-14T23:53:06+00:00,https://www.mineduc.gob.gt/BUSCAESTABLECIMIENTO_GE/
16,ALTA VERAPAZ,3,01,COBAN,2026-07-14T23:53:06+00:00,https://www.mineduc.gob.gt/BUSCAESTABLECIMIENTO_GE/
16,ALTA VERAPAZ,4,15,FRAY BARTOLOME DE LAS CASAS,2026-07-14T23:53:06+00:00,https://www.mineduc.gob.gt/BUSCAESTABLECIMIENTO_GE/
16,ALTA VERAPAZ,5,16,LA TINTA,2026-07-14T23:53:06+00:00,https://www.mineduc.gob.gt/BUSCAESTABLECIMIENTO_GE/
16,ALTA VERAPAZ,6,11,LANQUIN,2026-07-14T23:53:06+00:00,https://www.mineduc.gob.gt/BUSCAESTABLECIMIENTO_GE/
16,ALTA VERAPAZ,7,07,PANZOS,2026-07-14T23:53:06+00:00,https://www.mineduc.gob.gt/BUSCAESTABLECIMIENTO_GE/
16,ALTA VERAPAZ,8,17,RAXRUHA,2026-07-14T23:53:06+00:00,https://www.mineduc.gob.gt/BUSCAESTABLECIMIENTO_GE/
16,ALTA VERAPAZ,9,03,SAN CRISTOBAL VERAPAZ,2026-07-14T23:53:06+00:00,https://www.mineduc.gob.gt/BUSCAESTABLECIMIENTO_GE/
16,ALTA VERAPAZ,10,10,SAN JUAN CHAMELCO,2026-07-14T23:53:06+00:00,https://www.mineduc.gob.gt/BUSCAESTABLECIMIENTO_GE/
16,ALTA VERAPAZ,11,06,SAN MIGUEL TUCURU,2026-07-14T23:53:06+00:00,https://www.mineduc.gob.gt/BUSCAESTABLECIMIENTO_GE/
16,ALTA VERAPAZ,12,09,SAN PEDRO CARCHA,2026-07-14T23:53:06+00:00,https://www.mineduc.gob.gt/BUSCAESTABLECIMIENTO_GE/
16,ALTA VERAPAZ,13,02,SANTA CRUZ VERAPAZ,2026-07-14T23:53:06+00:00,https://www.mineduc.gob.gt/BUSCAESTABLECIMIENTO_GE/
16,ALTA VERAPAZ,14,12,SANTA MARIA CAHABON,2026-07-14T23:53:06+00:00,https://www.mineduc.gob.gt/BUSCAESTABLECIMIENTO_GE/
16,ALTA VERAPAZ,15,08,SENAHU,2026-07-14T23:53:06+00:00,https://www.mineduc.gob.gt/BUSCAESTABLECIMIENTO_GE/
16,ALTA VERAPAZ,16,04,TACTIC,2026-07-14T23:53:06+00:00,https://www.mineduc.gob.gt/BUSCAESTABLECIMIENTO_GE/
16,ALTA VERAPAZ,17,05,TAMAHU,2026-07-14T23:53:06+00:00,https://www.mineduc.gob.gt/BUSCAESTABLECIMIENTO_GE/
15,BAJA VERAPAZ,0,TODOS,TODOS,2026-07-14T23:53:06+00:00,https://www.mineduc.gob.gt/BUSCAESTABLECIMIENTO_GE/
15,BAJA VERAPAZ,1,04,CUBULCO,2026-07-14T23:53:06+00:00,https://www.mineduc.gob.gt/BUSCAESTABLECIMIENTO_GE/
15,BAJA VERAPAZ,2,05,GRANADOS,2026-07-14T23:53:06+00:00,https://www.mineduc.gob.gt/BUSCAESTABLECIMIENTO_GE/
15,BAJA VERAPAZ,3,08,PURULHA,2026-07-14T23:53:06+00:00,https://www.mineduc.gob.gt/BUSCAESTABLECIMIENTO_GE/
15,BAJA VERAPAZ,4,03,RABINAL,2026-07-14T23:53:06+00:00,https://www.mineduc.gob.gt/BUSCAESTABLECIMIENTO_GE/
15,BAJA VERAPAZ,5,01,SALAMA,2026-07-14T23:53:06+00:00,https://www.mineduc.gob.gt/BUSCAESTABLECIMIENTO_GE/
15,BAJA VERAPAZ,6,07,SAN JERONIMO,2026-07-14T23:53:06+00:00,https://www.mineduc.gob.gt/BUSCAESTABLECIMIENTO_GE/
15,BAJA VERAPAZ,7,02,SAN MIGUEL CHICAJ,2026-07-14T23:53:06+00:00,https://www.mineduc.gob.gt/BUSCAESTABLECIMIENTO_GE/
15,BAJA VERAPAZ,8,06,SANTA CRUZ EL CHOL,2026-07-14T23:53:06+00:00,https://www.mineduc.gob.gt/BUSCAESTABLECIMIENTO_GE/
04,CHIMALTENANGO,0,TODOS,TODOS,2026-07-14T23:53:06+00:00,https://www.mineduc.gob.gt/BUSCAESTABLECIMIENTO_GE/
04,CHIMALTENANGO,1,11,ACATENANGO,2026-07-14T23:53:06+00:00,https://www.mineduc.gob.gt/BUSCAESTABLECIMIENTO_GE/
04,CHIMALTENANGO,2,01,CHIMALTENANGO,2026-07-14T23:53:06+00:00,https://www.mineduc.gob.gt/BUSCAESTABLECIMIENTO_GE/
04,CHIMALTENANGO,3,16,EL TEJAR,2026-07-14T23:53:06+00:00,https://www.mineduc.gob.gt/BUSCAESTABLECIMIENTO_GE/
04,CHIMALTENANGO,4,14,PARRAMOS,2026-07-14T23:53:06+00:00,https://www.mineduc.gob.gt/BUSCAESTABLECIMIENTO_GE/
04,CHIMALTENANGO,5,09,PATZICIA,2026-07-14T23:53:06+00:00,https://www.mineduc.gob.gt/BUSCAESTABLECIMIENTO_GE/
04,CHIMALTENANGO,6,07,PATZUN,2026-07-14T23:53:06+00:00,https://www.mineduc.gob.gt/BUSCAESTABLECIMIENTO_GE/
04,CHIMALTENANGO,7,13,SAN ANDRES ITZAPA,2026-07-14T23:53:06+00:00,https://www.mineduc.gob.gt/BUSCAESTABLECIMIENTO_GE/
04,CHIMALTENANGO,8,02,SAN JOSE POAQUIL,2026-07-14T23:53:06+00:00,https://www.mineduc.gob.gt/BUSCAESTABLECIMIENTO_GE/
04,CHIMALTENANGO,9,04,SAN JUAN COMALAPA,2026-07-14T23:53:06+00:00,https://www.mineduc.gob.gt/BUSCAESTABLECIMIENTO_GE/
04,CHIMALTENANGO,10,03,SAN MARTIN JILOTEPEQUE,2026-07-14T23:53:06+00:00,https://www.mineduc.gob.gt/BUSCAESTABLECIMIENTO_GE/
04,CHIMALTENANGO,11,08,SAN MIGUEL POCHUTA,2026-07-14T23:53:06+00:00,https://www.mineduc.gob.gt/BUSCAESTABLECIMIENTO_GE/
04,CHIMALTENANGO,12,12,SAN PEDRO YEPOCAPA,2026-07-14T23:53:06+00:00,https://www.mineduc.gob.gt/BUSCAESTABLECIMIENTO_GE/
04,CHIMALTENANGO,13,05,SANTA APOLONIA,2026-07-14T23:53:06+00:00,https://www.mineduc.gob.gt/BUSCAESTABLECIMIENTO_GE/
04,CHIMALTENANGO,14,10,SANTA CRUZ BALANYA,2026-07-14T23:53:06+00:00,https://www.mineduc.gob.gt/BUSCAESTABLECIMIENTO_GE/
04,CHIMALTENANGO,15,06,TECPAN GUATEMALA,2026-07-14T23:53:06+00:00,https://www.mineduc.gob.gt/BUSCAESTABLECIMIENTO_GE/
04,CHIMALTENANGO,16,15,ZARAGOZA,2026-07-14T23:53:06+00:00,https://www.mineduc.gob.gt/BUSCAESTABLECIMIENTO_GE/
20,CHIQUIMULA,0,TODOS,TODOS,2026-07-14T23:53:06+00:00,https://www.mineduc.gob.gt/BUSCAESTABLECIMIENTO_GE/
20,CHIQUIMULA,1,05,CAMOTAN,2026-07-14T23:53:06+00:00,https://www.mineduc.gob.gt/BUSCAESTABLECIMIENTO_GE/
20,CHIQUIMULA,2,01,CHIQUIMULA,2026-07-14T23:53:06+00:00,https://www.mineduc.gob.gt/BUSCAESTABLECIMIENTO_GE/
20,CHIQUIMULA,3,08,CONCEPCION LAS MINAS,2026-07-14T23:53:06+00:00,https://www.mineduc.gob.gt/BUSCAESTABLECIMIENTO_GE/
20,CHIQUIMULA,4,07,ESQUIPULAS,2026-07-14T23:53:06+00:00,https://www.mineduc.gob.gt/BUSCAESTABLECIMIENTO_GE/
20,CHIQUIMULA,5,11,IPALA,2026-07-14T23:53:06+00:00,https://www.mineduc.gob.gt/BUSCAESTABLECIMIENTO_GE/
20,CHIQUIMULA,6,04,JOCOTAN,2026-07-14T23:53:06+00:00,https://www.mineduc.gob.gt/BUSCAESTABLECIMIENTO_GE/
20,CHIQUIMULA,7,06,OLOPA,2026-07-14T23:53:06+00:00,https://www.mineduc.gob.gt/BUSCAESTABLECIMIENTO_GE/
20,CHIQUIMULA,8,09,QUEZALTEPEQUE,2026-07-14T23:53:06+00:00,https://www.mineduc.gob.gt/BUSCAESTABLECIMIENTO_GE/
20,CHIQUIMULA,9,10,SAN JACINTO,2026-07-14T23:53:06+00:00,https://www.mineduc.gob.gt/BUSCAESTABLECIMIENTO_GE/
20,CHIQUIMULA,10,02,SAN JOSE LA ARADA,2026-07-14T23:53:06+00:00,https://www.mineduc.gob.gt/BUSCAESTABLECIMIENTO_GE/
20,CHIQUIMULA,11,03,SAN JUAN ERMITA,2026-07-14T23:53:06+00:00,https://www.mineduc.gob.gt/BUSCAESTABLECIMIENTO_GE/
00,CIUDAD CAPITAL,0,TODOS,TODOS,2026-07-14T23:53:06+00:00,https://www.mineduc.gob.gt/BUSCAESTABLECIMIENTO_GE/
00,CIUDAD CAPITAL,1,01,ZONA 1,2026-07-14T23:53:06+00:00,https://www.mineduc.gob.gt/BUSCAESTABLECIMIENTO_GE/
00,CIUDAD CAPITAL,2,10,ZONA 10,2026-07-14T23:53:06+00:00,https://www.mineduc.gob.gt/BUSCAESTABLECIMIENTO_GE/
00,CIUDAD CAPITAL,3,11,ZONA 11,2026-07-14T23:53:06+00:00,https://www.mineduc.gob.gt/BUSCAESTABLECIMIENTO_GE/
00,CIUDAD CAPITAL,4,12,ZONA 12,2026-07-14T23:53:06+00:00,https://www.mineduc.gob.gt/BUSCAESTABLECIMIENTO_GE/
00,CIUDAD CAPITAL,5,13,ZONA 13,2026-07-14T23:53:06+00:00,https://www.mineduc.gob.gt/BUSCAESTABLECIMIENTO_GE/
00,CIUDAD CAPITAL,6,14,ZONA 14,2026-07-14T23:53:06+00:00,https://www.mineduc.gob.gt/BUSCAESTABLECIMIENTO_GE/
00,CIUDAD CAPITAL,7,15,ZONA 15,2026-07-14T23:53:06+00:00,https://www.mineduc.gob.gt/BUSCAESTABLECIMIENTO_GE/
00,CIUDAD CAPITAL,8,16,ZONA 16,2026-07-14T23:53:06+00:00,https://www.mineduc.gob.gt/BUSCAESTABLECIMIENTO_GE/
00,CIUDAD CAPITAL,9,17,ZONA 17,2026-07-14T23:53:06+00:00,https://www.mineduc.gob.gt/BUSCAESTABLECIMIENTO_GE/
00,CIUDAD CAPITAL,10,18,ZONA 18,2026-07-14T23:53:06+00:00,https://www.mineduc.gob.gt/BUSCAESTABLECIMIENTO_GE/
00,CIUDAD CAPITAL,11,19,ZONA 19,2026-07-14T23:53:06+00:00,https://www.mineduc.gob.gt/BUSCAESTABLECIMIENTO_GE/
00,CIUDAD CAPITAL,12,02,ZONA 2,2026-07-14T23:53:06+00:00,https://www.mineduc.gob.gt/BUSCAESTABLECIMIENTO_GE/
00,CIUDAD CAPITAL,13,21,ZONA 21,2026-07-14T23:53:06+00:00,https://www.mineduc.gob.gt/BUSCAESTABLECIMIENTO_GE/
00,CIUDAD CAPITAL,14,24,ZONA 24,2026-07-14T23:53:06+00:00,https://www.mineduc.gob.gt/BUSCAESTABLECIMIENTO_GE/
00,CIUDAD CAPITAL,15,25,ZONA 25,2026-07-14T23:53:06+00:00,https://www.mineduc.gob.gt/BUSCAESTABLECIMIENTO_GE/
00,CIUDAD CAPITAL,16,03,ZONA 3,2026-07-14T23:53:06+00:00,https://www.mineduc.gob.gt/BUSCAESTABLECIMIENTO_GE/
00,CIUDAD CAPITAL,17,04,ZONA 4,2026-07-14T23:53:06+00:00,https://www.mineduc.gob.gt/BUSCAESTABLECIMIENTO_GE/
00,CIUDAD CAPITAL,18,05,ZONA 5,2026-07-14T23:53:06+00:00,https://www.mineduc.gob.gt/BUSCAESTABLECIMIENTO_GE/
00,CIUDAD CAPITAL,19,06,ZONA 6,2026-07-14T23:53:06+00:00,https://www.mineduc.gob.gt/BUSCAESTABLECIMIENTO_GE/
00,CIUDAD CAPITAL,20,07,ZONA 7,2026-07-14T23:53:06+00:00,https://www.mineduc.gob.gt/BUSCAESTABLECIMIENTO_GE/
00,CIUDAD CAPITAL,21,08,ZONA 8,2026-07-14T23:53:06+00:00,https://www.mineduc.gob.gt/BUSCAESTABLECIMIENTO_GE/
00,CIUDAD CAPITAL,22,09,ZONA 9,2026-07-14T23:53:06+00:00,https://www.mineduc.gob.gt/BUSCAESTABLECIMIENTO_GE/
02,EL PROGRESO,0,TODOS,TODOS,2026-07-14T23:53:06+00:00,https://www.mineduc.gob.gt/BUSCAESTABLECIMIENTO_GE/
02,EL PROGRESO,1,05,EL JICARO,2026-07-14T23:53:06+00:00,https://www.mineduc.gob.gt/BUSCAESTABLECIMIENTO_GE/
02,EL PROGRESO,2,01,GUASTATOYA,2026-07-14T23:53:06+00:00,https://www.mineduc.gob.gt/BUSCAESTABLECIMIENTO_GE/
02,EL PROGRESO,3,02,MORAZAN,2026-07-14T23:53:06+00:00,https://www.mineduc.gob.gt/BUSCAESTABLECIMIENTO_GE/
02,EL PROGRESO,4,03,SAN AGUSTIN ACASAGUASTLAN,2026-07-14T23:53:06+00:00,https://www.mineduc.gob.gt/BUSCAESTABLECIMIENTO_GE/
02,EL PROGRESO,5,08,SAN ANTONIO LA PAZ,2026-07-14T23:53:06+00:00,https://www.mineduc.gob.gt/BUSCAESTABLECIMIENTO_GE/
02,EL PROGRESO,6,04,SAN CRISTOBAL ACASAGUASTLAN,2026-07-14T23:53:06+00:00,https://www.mineduc.gob.gt/BUSCAESTABLECIMIENTO_GE/
02,EL PROGRESO,7,07,SANARATE,2026-07-14T23:53:06+00:00,https://www.mineduc.gob.gt/BUSCAESTABLECIMIENTO_GE/
02,EL PROGRESO,8,06,SANSARE,2026-07-14T23:53:06+00:00,https://www.mineduc.gob.gt/BUSCAESTABLECIMIENTO_GE/
05,ESCUINTLA,0,TODOS,TODOS,2026-07-14T23:53:06+00:00,https://www.mineduc.gob.gt/BUSCAESTABLECIMIENTO_GE/
05,ESCUINTLA,1,01,ESCUINTLA,2026-07-14T23:53:06+00:00,https://www.mineduc.gob.gt/BUSCAESTABLECIMIENTO_GE/
05,ESCUINTLA,2,08,GUANAGAZAPA,2026-07-14T23:53:06+00:00,https://www.mineduc.gob.gt/BUSCAESTABLECIMIENTO_GE/
05,ESCUINTLA,3,10,IZTAPA,2026-07-14T23:53:06+00:00,https://www.mineduc.gob.gt/BUSCAESTABLECIMIENTO_GE/
05,ESCUINTLA,4,03,LA DEMOCRACIA,2026-07-14T23:53:06+00:00,https://www.mineduc.gob.gt/BUSCAESTABLECIMIENTO_GE/
05,ESCUINTLA,5,07,LA GOMERA,2026-07-14T23:53:06+00:00,https://www.mineduc.gob.gt/BUSCAESTABLECIMIENTO_GE/
05,ESCUINTLA,6,05,MASAGUA,2026-07-14T23:53:06+00:00,https://www.mineduc.gob.gt/BUSCAESTABLECIMIENTO_GE/
05,ESCUINTLA,7,13,NUEVA CONCEPCION,2026-07-14T23:53:06+00:00,https://www.mineduc.gob.gt/BUSCAESTABLECIMIENTO_GE/
05,ESCUINTLA,8,11,PALIN,2026-07-14T23:53:06+00:00,https://www.mineduc.gob.gt/BUSCAESTABLECIMIENTO_GE/
05,ESCUINTLA,9,09,SAN JOSE,2026-07-14T23:53:06+00:00,https://www.mineduc.gob.gt/BUSCAESTABLECIMIENTO_GE/
05,ESCUINTLA,10,12,SAN VICENTE PACAYA,2026-07-14T23:53:06+00:00,https://www.mineduc.gob.gt/BUSCAESTABLECIMIENTO_GE/
05,ESCUINTLA,11,02,SANTA LUCIA COTZUMALGUAPA,2026-07-14T23:53:06+00:00,https://www.mineduc.gob.gt/BUSCAESTABLECIMIENTO_GE/
05,ESCUINTLA,12,14,SIPACATE,2026-07-14T23:53:06+00:00,https://www.mineduc.gob.gt/BUSCAESTABLECIMIENTO_GE/
05,ESCUINTLA,13,04,SIQUINALA,2026-07-14T23:53:06+00:00,https://www.mineduc.gob.gt/BUSCAESTABLECIMIENTO_GE/
05,ESCUINTLA,14,06,TIQUISATE,2026-07-14T23:53:06+00:00,https://www.mineduc.gob.gt/BUSCAESTABLECIMIENTO_GE/
01,GUATEMALA,0,TODOS,TODOS,2026-07-14T23:53:06+00:00,https://www.mineduc.gob.gt/BUSCAESTABLECIMIENTO_GE/
01,GUATEMALA,1,14,AMATITLAN,2026-07-14T23:53:06+00:00,https://www.mineduc.gob.gt/BUSCAESTABLECIMIENTO_GE/
01,GUATEMALA,2,06,CHINAUTLA,2026-07-14T23:53:06+00:00,https://www.mineduc.gob.gt/BUSCAESTABLECIMIENTO_GE/
01,GUATEMALA,3,12,CHUARRANCHO,2026-07-14T23:53:06+00:00,https://www.mineduc.gob.gt/BUSCAESTABLECIMIENTO_GE/
01,GUATEMALA,4,13,FRAIJANES,2026-07-14T23:53:06+00:00,https://www.mineduc.gob.gt/BUSCAESTABLECIMIENTO_GE/
01,GUATEMALA,5,01,GUATEMALA,2026-07-14T23:53:06+00:00,https://www.mineduc.gob.gt/BUSCAESTABLECIMIENTO_GE/
01,GUATEMALA,6,08,MIXCO,2026-07-14T23:53:06+00:00,https://www.mineduc.gob.gt/BUSCAESTABLECIMIENTO_GE/
01,GUATEMALA,7,05,PALENCIA,2026-07-14T23:53:06+00:00,https://www.mineduc.gob.gt/BUSCAESTABLECIMIENTO_GE/
01,GUATEMALA,8,04,SAN JOSE DEL GOLFO,2026-07-14T23:53:06+00:00,https://www.mineduc.gob.gt/BUSCAESTABLECIMIENTO_GE/
01,GUATEMALA,9,03,SAN JOSE PINULA,2026-07-14T23:53:06+00:00,https://www.mineduc.gob.gt/BUSCAESTABLECIMIENTO_GE/
01,GUATEMALA,10,10,SAN JUAN SACATEPEQUEZ,2026-07-14T23:53:06+00:00,https://www.mineduc.gob.gt/BUSCAESTABLECIMIENTO_GE/
01,GUATEMALA,11,17,SAN MIGUEL PETAPA,2026-07-14T23:53:06+00:00,https://www.mineduc.gob.gt/BUSCAESTABLECIMIENTO_GE/
01,GUATEMALA,12,07,SAN PEDRO AYAMPUC,2026-07-14T23:53:06+00:00,https://www.mineduc.gob.gt/BUSCAESTABLECIMIENTO_GE/
01,GUATEMALA,13,09,SAN PEDRO SACATEPEQUEZ,2026-07-14T23:53:06+00:00,https://www.mineduc.gob.gt/BUSCAESTABLECIMIENTO_GE/
01,GUATEMALA,14,11,SAN RAYMUNDO,2026-07-14T23:53:06+00:00,https://www.mineduc.gob.gt/BUSCAESTABLECIMIENTO_GE/
01,GUATEMALA,15,02,SANTA CATARINA PINULA,2026-07-14T23:53:06+00:00,https://www.mineduc.gob.gt/BUSCAESTABLECIMIENTO_GE/
01,GUATEMALA,16,16,VILLA CANALES,2026-07-14T23:53:06+00:00,https://www.mineduc.gob.gt/BUSCAESTABLECIMIENTO_GE/
01,GUATEMALA,17,15,VILLA NUEVA,2026-07-14T23:53:06+00:00,https://www.mineduc.gob.gt/BUSCAESTABLECIMIENTO_GE/
13,HUEHUETENANGO,0,TODOS,TODOS,2026-07-14T23:53:06+00:00,https://www.mineduc.gob.gt/BUSCAESTABLECIMIENTO_GE/
13,HUEHUETENANGO,1,27,AGUACATAN,2026-07-14T23:53:06+00:00,https://www.mineduc.gob.gt/BUSCAESTABLECIMIENTO_GE/
13,HUEHUETENANGO,2,02,CHIANTLA,2026-07-14T23:53:06+00:00,https://www.mineduc.gob.gt/BUSCAESTABLECIMIENTO_GE/
13,HUEHUETENANGO,3,19,COLOTENANGO,2026-07-14T23:53:06+00:00,https://www.mineduc.gob.gt/BUSCAESTABLECIMIENTO_GE/
13,HUEHUETENANGO,4,22,CONCEPCION HUISTA,2026-07-14T23:53:06+00:00,https://www.mineduc.gob.gt/BUSCAESTABLECIMIENTO_GE/
13,HUEHUETENANGO,5,04,CUILCO,2026-07-14T23:53:06+00:00,https://www.mineduc.gob.gt/BUSCAESTABLECIMIENTO_GE/
13,HUEHUETENANGO,6,01,HUEHUETENANGO,2026-07-14T23:53:06+00:00,https://www.mineduc.gob.gt/BUSCAESTABLECIMIENTO_GE/
13,HUEHUETENANGO,7,07,JACALTENANGO,2026-07-14T23:53:06+00:00,https://www.mineduc.gob.gt/BUSCAESTABLECIMIENTO_GE/
13,HUEHUETENANGO,8,12,LA DEMOCRACIA,2026-07-14T23:53:06+00:00,https://www.mineduc.gob.gt/BUSCAESTABLECIMIENTO_GE/
13,HUEHUETENANGO,9,11,LA LIBERTAD,2026-07-14T23:53:06+00:00,https://www.mineduc.gob.gt/BUSCAESTABLECIMIENTO_GE/
13,HUEHUETENANGO,10,03,MALACATANCITO,2026-07-14T23:53:06+00:00,https://www.mineduc.gob.gt/BUSCAESTABLECIMIENTO_GE/
13,HUEHUETENANGO,11,05,NENTON,2026-07-14T23:53:06+00:00,https://www.mineduc.gob.gt/BUSCAESTABLECIMIENTO_GE/
13,HUEHUETENANGO,12,33,PETATAN,2026-07-14T23:53:06+00:00,https://www.mineduc.gob.gt/BUSCAESTABLECIMIENTO_GE/
13,HUEHUETENANGO,13,24,SAN ANTONIO HUISTA,2026-07-14T23:53:06+00:00,https://www.mineduc.gob.gt/BUSCAESTABLECIMIENTO_GE/
13,HUEHUETENANGO,14,29,SAN GASPAR IXCHIL,2026-07-14T23:53:06+00:00,https://www.mineduc.gob.gt/BUSCAESTABLECIMIENTO_GE/
13,HUEHUETENANGO,15,09,SAN ILDEFONSO IXTAHUACAN,2026-07-14T23:53:06+00:00,https://www.mineduc.gob.gt/BUSCAESTABLECIMIENTO_GE/
13,HUEHUETENANGO,16,16,SAN JUAN ATITAN,2026-07-14T23:53:06+00:00,https://www.mineduc.gob.gt/BUSCAESTABLECIMIENTO_GE/
13,HUEHUETENANGO,17,23,SAN JUAN IXCOY,2026-07-14T23:53:06+00:00,https://www.mineduc.gob.gt/BUSCAESTABLECIMIENTO_GE/
13,HUEHUETENANGO,18,18,SAN MATEO IXTATAN,2026-07-14T23:53:06+00:00,https://www.mineduc.gob.gt/BUSCAESTABLECIMIENTO_GE/
13,HUEHUETENANGO,19,13,SAN MIGUEL ACATAN,2026-07-14T23:53:06+00:00,https://www.mineduc.gob.gt/BUSCAESTABLECIMIENTO_GE/
13,HUEHUETENANGO,20,06,SAN PEDRO NECTA,2026-07-14T23:53:06+00:00,https://www.mineduc.gob.gt/BUSCAESTABLECIMIENTO_GE/
13,HUEHUETENANGO,21,08,SAN PEDRO SOLOMA,2026-07-14T23:53:06+00:00,https://www.mineduc.gob.gt/BUSCAESTABLECIMIENTO_GE/
13,HUEHUETENANGO,22,14,SAN RAFAEL LA INDEPENDENCIA,2026-07-14T23:53:06+00:00,https://www.mineduc.gob.gt/BUSCAESTABLECIMIENTO_GE/
13,HUEHUETENANGO,23,28,SAN RAFAEL PETZAL,2026-07-14T23:53:06+00:00,https://www.mineduc.gob.gt/BUSCAESTABLECIMIENTO_GE/
13,HUEHUETENANGO,24,25,SAN SEBASTIAN COATAN,2026-07-14T23:53:06+00:00,https://www.mineduc.gob.gt/BUSCAESTABLECIMIENTO_GE/
13,HUEHUETENANGO,25,20,SAN SEBASTIAN HUEHUETENANGO,2026-07-14T23:53:06+00:00,https://www.mineduc.gob.gt/BUSCAESTABLECIMIENTO_GE/
13,HUEHUETENANGO,26,31,SANTA ANA HUISTA,2026-07-14T23:53:06+00:00,https://www.mineduc.gob.gt/BUSCAESTABLECIMIENTO_GE/
13,HUEHUETENANGO,27,10,SANTA BARBARA,2026-07-14T23:53:06+00:00,https://www.mineduc.gob.gt/BUSCAESTABLECIMIENTO_GE/
13,HUEHUETENANGO,28,26,SANTA CRUZ BARILLAS,2026-07-14T23:53:06+00:00,https://www.mineduc.gob.gt/BUSCAESTABLECIMIENTO_GE/
13,HUEHUETENANGO,29,17,SANTA EULALIA,2026-07-14T23:53:06+00:00,https://www.mineduc.gob.gt/BUSCAESTABLECIMIENTO_GE/
13,HUEHUETENANGO,30,30,SANTIAGO CHIMALTENANGO,2026-07-14T23:53:06+00:00,https://www.mineduc.gob.gt/BUSCAESTABLECIMIENTO_GE/
13,HUEHUETENANGO,31,21,TECTITAN,2026-07-14T23:53:06+00:00,https://www.mineduc.gob.gt/BUSCAESTABLECIMIENTO_GE/
13,HUEHUETENANGO,32,15,TODOS SANTOS CUCHUMATAN,2026-07-14T23:53:06+00:00,https://www.mineduc.gob.gt/BUSCAESTABLECIMIENTO_GE/
13,HUEHUETENANGO,33,32,UNION CANTINIL,2026-07-14T23:53:06+00:00,https://www.mineduc.gob.gt/BUSCAESTABLECIMIENTO_GE/
18,IZABAL,0,TODOS,TODOS,2026-07-14T23:53:06+00:00,https://www.mineduc.gob.gt/BUSCAESTABLECIMIENTO_GE/
18,IZABAL,1,03,EL ESTOR,2026-07-14T23:53:06+00:00,https://www.mineduc.gob.gt/BUSCAESTABLECIMIENTO_GE/
18,IZABAL,2,02,LIVINGSTON,2026-07-14T23:53:06+00:00,https://www.mineduc.gob.gt/BUSCAESTABLECIMIENTO_GE/
18,IZABAL,3,05,LOS AMATES,2026-07-14T23:53:06+00:00,https://www.mineduc.gob.gt/BUSCAESTABLECIMIENTO_GE/
18,IZABAL,4,04,MORALES,2026-07-14T23:53:06+00:00,https://www.mineduc.gob.gt/BUSCAESTABLECIMIENTO_GE/
18,IZABAL,5,01,PUERTO BARRIOS,2026-07-14T23:53:06+00:00,https://www.mineduc.gob.gt/BUSCAESTABLECIMIENTO_GE/
21,JALAPA,0,TODOS,TODOS,2026-07-14T23:53:06+00:00,https://www.mineduc.gob.gt/BUSCAESTABLECIMIENTO_GE/
21,JALAPA,1,01,JALAPA,2026-07-14T23:53:06+00:00,https://www.mineduc.gob.gt/BUSCAESTABLECIMIENTO_GE/
21,JALAPA,2,07,MATAQUESCUINTLA,2026-07-14T23:53:06+00:00,https://www.mineduc.gob.gt/BUSCAESTABLECIMIENTO_GE/
21,JALAPA,3,06,MONJAS,2026-07-14T23:53:06+00:00,https://www.mineduc.gob.gt/BUSCAESTABLECIMIENTO_GE/
21,JALAPA,4,05,SAN CARLOS ALZATATE,2026-07-14T23:53:06+00:00,https://www.mineduc.gob.gt/BUSCAESTABLECIMIENTO_GE/
21,JALAPA,5,03,SAN LUIS JILOTEPEQUE,2026-07-14T23:53:06+00:00,https://www.mineduc.gob.gt/BUSCAESTABLECIMIENTO_GE/
21,JALAPA,6,04,SAN MANUEL CHAPARRON,2026-07-14T23:53:06+00:00,https://www.mineduc.gob.gt/BUSCAESTABLECIMIENTO_GE/
21,JALAPA,7,02,SAN PEDRO PINULA,2026-07-14T23:53:06+00:00,https://www.mineduc.gob.gt/BUSCAESTABLECIMIENTO_GE/
22,JUTIAPA,0,TODOS,TODOS,2026-07-14T23:53:06+00:00,https://www.mineduc.gob.gt/BUSCAESTABLECIMIENTO_GE/
22,JUTIAPA,1,04,AGUA BLANCA,2026-07-14T23:53:06+00:00,https://www.mineduc.gob.gt/BUSCAESTABLECIMIENTO_GE/
22,JUTIAPA,2,05,ASUNCION MITA,2026-07-14T23:53:06+00:00,https://www.mineduc.gob.gt/BUSCAESTABLECIMIENTO_GE/
22,JUTIAPA,3,07,ATESCATEMPA,2026-07-14T23:53:06+00:00,https://www.mineduc.gob.gt/BUSCAESTABLECIMIENTO_GE/
22,JUTIAPA,4,11,COMAPA,2026-07-14T23:53:06+00:00,https://www.mineduc.gob.gt/BUSCAESTABLECIMIENTO_GE/
22,JUTIAPA,5,13,CONGUACO,2026-07-14T23:53:06+00:00,https://www.mineduc.gob.gt/BUSCAESTABLECIMIENTO_GE/
22,JUTIAPA,6,09,EL ADELANTO,2026-07-14T23:53:06+00:00,https://www.mineduc.gob.gt/BUSCAESTABLECIMIENTO_GE/
22,JUTIAPA,7,02,EL PROGRESO,2026-07-14T23:53:06+00:00,https://www.mineduc.gob.gt/BUSCAESTABLECIMIENTO_GE/
22,JUTIAPA,8,12,JALPATAGUA,2026-07-14T23:53:06+00:00,https://www.mineduc.gob.gt/BUSCAESTABLECIMIENTO_GE/
22,JUTIAPA,9,08,JEREZ,2026-07-14T23:53:06+00:00,https://www.mineduc.gob.gt/BUSCAESTABLECIMIENTO_GE/
22,JUTIAPA,10,01,JUTIAPA,2026-07-14T23:53:06+00:00,https://www.mineduc.gob.gt/BUSCAESTABLECIMIENTO_GE/
22,JUTIAPA,11,14,MOYUTA,2026-07-14T23:53:06+00:00,https://www.mineduc.gob.gt/BUSCAESTABLECIMIENTO_GE/
22,JUTIAPA,12,15,PASACO,2026-07-14T23:53:06+00:00,https://www.mineduc.gob.gt/BUSCAESTABLECIMIENTO_GE/
22,JUTIAPA,13,17,QUESADA,2026-07-14T23:53:06+00:00,https://www.mineduc.gob.gt/BUSCAESTABLECIMIENTO_GE/
22,JUTIAPA,14,16,SAN JOSE ACATEMPA,2026-07-14T23:53:06+00:00,https://www.mineduc.gob.gt/BUSCAESTABLECIMIENTO_GE/
22,JUTIAPA,15,03,SANTA CATARINA MITA,2026-07-14T23:53:06+00:00,https://www.mineduc.gob.gt/BUSCAESTABLECIMIENTO_GE/
22,JUTIAPA,16,06,YUPILTEPEQUE,2026-07-14T23:53:06+00:00,https://www.mineduc.gob.gt/BUSCAESTABLECIMIENTO_GE/
22,JUTIAPA,17,10,ZAPOTITLAN,2026-07-14T23:53:06+00:00,https://www.mineduc.gob.gt/BUSCAESTABLECIMIENTO_GE/
17,PETEN,0,TODOS,TODOS,2026-07-14T23:53:06+00:00,https://www.mineduc.gob.gt/BUSCAESTABLECIMIENTO_GE/
17,PETEN,1,08,DOLORES,2026-07-14T23:53:06+00:00,https://www.mineduc.gob.gt/BUSCAESTABLECIMIENTO_GE/
17,PETEN,2,14,EL CHAL,2026-07-14T23:53:06+00:00,https://www.mineduc.gob.gt/BUSCAESTABLECIMIENTO_GE/
17,PETEN,3,01,FLORES,2026-07-14T23:53:06+00:00,https://www.mineduc.gob.gt/BUSCAESTABLECIMIENTO_GE/
17,PETEN,4,05,LA LIBERTAD,2026-07-14T23:53:06+00:00,https://www.mineduc.gob.gt/BUSCAESTABLECIMIENTO_GE/
17,PETEN,5,13,LAS CRUCES,2026-07-14T23:53:06+00:00,https://www.mineduc.gob.gt/BUSCAESTABLECIMIENTO_GE/
17,PETEN,6,11,MELCHOR DE MENCOS,2026-07-14T23:53:06+00:00,https://www.mineduc.gob.gt/BUSCAESTABLECIMIENTO_GE/
17,PETEN,7,12,POPTUN,2026-07-14T23:53:06+00:00,https://www.mineduc.gob.gt/BUSCAESTABLECIMIENTO_GE/
17,PETEN,8,04,SAN ANDRES,2026-07-14T23:53:06+00:00,https://www.mineduc.gob.gt/BUSCAESTABLECIMIENTO_GE/
17,PETEN,9,03,SAN BENITO,2026-07-14T23:53:06+00:00,https://www.mineduc.gob.gt/BUSCAESTABLECIMIENTO_GE/
17,PETEN,10,06,SAN FRANCISCO,2026-07-14T23:53:06+00:00,https://www.mineduc.gob.gt/BUSCAESTABLECIMIENTO_GE/
17,PETEN,11,02,SAN JOSE,2026-07-14T23:53:06+00:00,https://www.mineduc.gob.gt/BUSCAESTABLECIMIENTO_GE/
17,PETEN,12,09,SAN LUIS,2026-07-14T23:53:06+00:00,https://www.mineduc.gob.gt/BUSCAESTABLECIMIENTO_GE/
17,PETEN,13,07,SANTA ANA,2026-07-14T23:53:06+00:00,https://www.mineduc.gob.gt/BUSCAESTABLECIMIENTO_GE/
17,PETEN,14,10,SAYAXCHE,2026-07-14T23:53:06+00:00,https://www.mineduc.gob.gt/BUSCAESTABLECIMIENTO_GE/
09,QUETZALTENANGO,0,TODOS,TODOS,2026-07-14T23:53:06+00:00,https://www.mineduc.gob.gt/BUSCAESTABLECIMIENTO_GE/
09,QUETZALTENANGO,1,13,ALMOLONGA,2026-07-14T23:53:06+00:00,https://www.mineduc.gob.gt/BUSCAESTABLECIMIENTO_GE/
09,QUETZALTENANGO,2,06,CABRICAN,2026-07-14T23:53:06+00:00,https://www.mineduc.gob.gt/BUSCAESTABLECIMIENTO_GE/
09,QUETZALTENANGO,3,07,CAJOLA,2026-07-14T23:53:06+00:00,https://www.mineduc.gob.gt/BUSCAESTABLECIMIENTO_GE/
09,QUETZALTENANGO,4,14,CANTEL,2026-07-14T23:53:06+00:00,https://www.mineduc.gob.gt/BUSCAESTABLECIMIENTO_GE/
09,QUETZALTENANGO,5,20,COATEPEQUE,2026-07-14T23:53:06+00:00,https://www.mineduc.gob.gt/BUSCAESTABLECIMIENTO_GE/
09,QUETZALTENANGO,6,17,COLOMBA COSTA CUCA,2026-07-14T23:53:06+00:00,https://www.mineduc.gob.gt/BUSCAESTABLECIMIENTO_GE/
09,QUETZALTENANGO,7,11,CONCEPCION CHIQUIRICHAPA,2026-07-14T23:53:06+00:00,https://www.mineduc.gob.gt/BUSCAESTABLECIMIENTO_GE/
09,QUETZALTENANGO,8,19,EL PALMAR,2026-07-14T23:53:06+00:00,https://www.mineduc.gob.gt/BUSCAESTABLECIMIENTO_GE/
09,QUETZALTENANGO,9,22,FLORES COSTA CUCA,2026-07-14T23:53:06+00:00,https://www.mineduc.gob.gt/BUSCAESTABLECIMIENTO_GE/
09,QUETZALTENANGO,10,21,GENOVA COSTA CUCA,2026-07-14T23:53:06+00:00,https://www.mineduc.gob.gt/BUSCAESTABLECIMIENTO_GE/
09,QUETZALTENANGO,11,15,HUITAN,2026-07-14T23:53:06+00:00,https://www.mineduc.gob.gt/BUSCAESTABLECIMIENTO_GE/
09,QUETZALTENANGO,12,23,LA ESPERANZA,2026-07-14T23:53:06+00:00,https://www.mineduc.gob.gt/BUSCAESTABLECIMIENTO_GE/
09,QUETZALTENANGO,13,03,OLINTEPEQUE,2026-07-14T23:53:06+00:00,https://www.mineduc.gob.gt/BUSCAESTABLECIMIENTO_GE/
09,QUETZALTENANGO,14,24,PALESTINA DE LOS ALTOS,2026-07-14T23:53:06+00:00,https://www.mineduc.gob.gt/BUSCAESTABLECIMIENTO_GE/
09,QUETZALTENANGO,15,01,QUETZALTENANGO,2026-07-14T23:53:06+00:00,https://www.mineduc.gob.gt/BUSCAESTABLECIMIENTO_GE/
09,QUETZALTENANGO,16,02,SALCAJA,2026-07-14T23:53:06+00:00,https://www.mineduc.gob.gt/BUSCAESTABLECIMIENTO_GE/
09,QUETZALTENANGO,17,04,SAN CARLOS SIJA,2026-07-14T23:53:06+00:00,https://www.mineduc.gob.gt/BUSCAESTABLECIMIENTO_GE/
09,QUETZALTENANGO,18,18,SAN FRANCISCO LA UNION,2026-07-14T23:53:06+00:00,https://www.mineduc.gob.gt/BUSCAESTABLECIMIENTO_GE/
09,QUETZALTENANGO,19,09,SAN JUAN OSTUNCALCO,2026-07-14T23:53:06+00:00,https://www.mineduc.gob.gt/BUSCAESTABLECIMIENTO_GE/
09,QUETZALTENANGO,20,12,SAN MARTIN SACATEPEQUEZ,2026-07-14T23:53:06+00:00,https://www.mineduc.gob.gt/BUSCAESTABLECIMIENTO_GE/
09,QUETZALTENANGO,21,10,SAN MATEO,2026-07-14T23:53:06+00:00,https://www.mineduc.gob.gt/BUSCAESTABLECIMIENTO_GE/
09,QUETZALTENANGO,22,08,SAN MIGUEL SIGUILA,2026-07-14T23:53:06+00:00,https://www.mineduc.gob.gt/BUSCAESTABLECIMIENTO_GE/
09,QUETZALTENANGO,23,05,SIBILIA,2026-07-14T23:53:06+00:00,https://www.mineduc.gob.gt/BUSCAESTABLECIMIENTO_GE/
09,QUETZALTENANGO,24,16,ZUNIL,2026-07-14T23:53:06+00:00,https://www.mineduc.gob.gt/BUSCAESTABLECIMIENTO_GE/
14,QUICHE,0,TODOS,TODOS,2026-07-14T23:53:06+00:00,https://www.mineduc.gob.gt/BUSCAESTABLECIMIENTO_GE/
14,QUICHE,1,18,CANILLA,2026-07-14T23:53:06+00:00,https://www.mineduc.gob.gt/BUSCAESTABLECIMIENTO_GE/
14,QUICHE,2,05,CHAJUL,2026-07-14T23:53:06+00:00,https://www.mineduc.gob.gt/BUSCAESTABLECIMIENTO_GE/
14,QUICHE,3,19,CHICAMAN,2026-07-14T23:53:06+00:00,https://www.mineduc.gob.gt/BUSCAESTABLECIMIENTO_GE/
14,QUICHE,4,02,CHICHE,2026-07-14T23:53:06+00:00,https://www.mineduc.gob.gt/BUSCAESTABLECIMIENTO_GE/
14,QUICHE,5,03,CHINIQUE,2026-07-14T23:53:06+00:00,https://www.mineduc.gob.gt/BUSCAESTABLECIMIENTO_GE/
14,QUICHE,6,10,CUNEN,2026-07-14T23:53:06+00:00,https://www.mineduc.gob.gt/BUSCAESTABLECIMIENTO_GE/
14,QUICHE,7,20,IXCAN,2026-07-14T23:53:06+00:00,https://www.mineduc.gob.gt/BUSCAESTABLECIMIENTO_GE/
14,QUICHE,8,12,JOYABAJ,2026-07-14T23:53:06+00:00,https://www.mineduc.gob.gt/BUSCAESTABLECIMIENTO_GE/
14,QUICHE,9,13,NEBAJ,2026-07-14T23:53:06+00:00,https://www.mineduc.gob.gt/BUSCAESTABLECIMIENTO_GE/
14,QUICHE,10,21,PACHALUN,2026-07-14T23:53:06+00:00,https://www.mineduc.gob.gt/BUSCAESTABLECIMIENTO_GE/
14,QUICHE,11,07,PATZITE,2026-07-14T23:53:06+00:00,https://www.mineduc.gob.gt/BUSCAESTABLECIMIENTO_GE/
14,QUICHE,12,22,PLAYA GRANDE,2026-07-14T23:53:06+00:00,https://www.mineduc.gob.gt/BUSCAESTABLECIMIENTO_GE/
14,QUICHE,13,16,SACAPULAS,2026-07-14T23:53:06+00:00,https://www.mineduc.gob.gt/BUSCAESTABLECIMIENTO_GE/
14,QUICHE,14,14,SAN ANDRES SAJCABAJA,2026-07-14T23:53:06+00:00,https://www.mineduc.gob.gt/BUSCAESTABLECIMIENTO_GE/
14,QUICHE,15,08,SAN ANTONIO ILOTENANGO,2026-07-14T23:53:06+00:00,https://www.mineduc.gob.gt/BUSCAESTABLECIMIENTO_GE/
14,QUICHE,16,17,SAN BARTOLOME JOCOTENANGO,2026-07-14T23:53:06+00:00,https://www.mineduc.gob.gt/BUSCAESTABLECIMIENTO_GE/
14,QUICHE,17,11,SAN JUAN COTZAL,2026-07-14T23:53:06+00:00,https://www.mineduc.gob.gt/BUSCAESTABLECIMIENTO_GE/
14,QUICHE,18,15,SAN MIGUEL USPANTAN,2026-07-14T23:53:06+00:00,https://www.mineduc.gob.gt/BUSCAESTABLECIMIENTO_GE/
14,QUICHE,19,09,SAN PEDRO JOCOPILAS,2026-07-14T23:53:06+00:00,https://www.mineduc.gob.gt/BUSCAESTABLECIMIENTO_GE/
14,QUICHE,20,01,SANTA CRUZ DEL QUICHE,2026-07-14T23:53:06+00:00,https://www.mineduc.gob.gt/BUSCAESTABLECIMIENTO_GE/
14,QUICHE,21,06,SANTO TOMAS CHICHICASTENANGO,2026-07-14T23:53:06+00:00,https://www.mineduc.gob.gt/BUSCAESTABLECIMIENTO_GE/
14,QUICHE,22,04,ZACUALPA,2026-07-14T23:53:06+00:00,https://www.mineduc.gob.gt/BUSCAESTABLECIMIENTO_GE/
11,RETALHULEU,0,TODOS,TODOS,2026-07-14T23:53:06+00:00,https://www.mineduc.gob.gt/BUSCAESTABLECIMIENTO_GE/
11,RETALHULEU,1,07,CHAMPERICO,2026-07-14T23:53:06+00:00,https://www.mineduc.gob.gt/BUSCAESTABLECIMIENTO_GE/
11,RETALHULEU,2,09,EL ASINTAL,2026-07-14T23:53:06+00:00,https://www.mineduc.gob.gt/BUSCAESTABLECIMIENTO_GE/
11,RETALHULEU,3,08,NUEVO SAN CARLOS,2026-07-14T23:53:06+00:00,https://www.mineduc.gob.gt/BUSCAESTABLECIMIENTO_GE/
11,RETALHULEU,4,01,RETALHULEU,2026-07-14T23:53:06+00:00,https://www.mineduc.gob.gt/BUSCAESTABLECIMIENTO_GE/
11,RETALHULEU,5,06,SAN ANDRES VILLA SECA,2026-07-14T23:53:06+00:00,https://www.mineduc.gob.gt/BUSCAESTABLECIMIENTO_GE/
11,RETALHULEU,6,05,SAN FELIPE,2026-07-14T23:53:06+00:00,https://www.mineduc.gob.gt/BUSCAESTABLECIMIENTO_GE/
11,RETALHULEU,7,04,SAN MARTIN ZAPOTITLAN,2026-07-14T23:53:06+00:00,https://www.mineduc.gob.gt/BUSCAESTABLECIMIENTO_GE/
11,RETALHULEU,8,02,SAN SEBASTIAN,2026-07-14T23:53:06+00:00,https://www.mineduc.gob.gt/BUSCAESTABLECIMIENTO_GE/
11,RETALHULEU,9,03,SANTA CRUZ MULUA,2026-07-14T23:53:06+00:00,https://www.mineduc.gob.gt/BUSCAESTABLECIMIENTO_GE/
03,SACATEPEQUEZ,0,TODOS,TODOS,2026-07-14T23:53:06+00:00,https://www.mineduc.gob.gt/BUSCAESTABLECIMIENTO_GE/
03,SACATEPEQUEZ,1,14,ALOTENANGO,2026-07-14T23:53:06+00:00,https://www.mineduc.gob.gt/BUSCAESTABLECIMIENTO_GE/
03,SACATEPEQUEZ,2,01,ANTIGUA GUATEMALA,2026-07-14T23:53:06+00:00,https://www.mineduc.gob.gt/BUSCAESTABLECIMIENTO_GE/
03,SACATEPEQUEZ,3,12,CIUDAD VIEJA,2026-07-14T23:53:06+00:00,https://www.mineduc.gob.gt/BUSCAESTABLECIMIENTO_GE/
03,SACATEPEQUEZ,4,02,JOCOTENANGO,2026-07-14T23:53:06+00:00,https://www.mineduc.gob.gt/BUSCAESTABLECIMIENTO_GE/
03,SACATEPEQUEZ,5,10,MAGDALENA MILPAS ALTAS,2026-07-14T23:53:06+00:00,https://www.mineduc.gob.gt/BUSCAESTABLECIMIENTO_GE/
03,SACATEPEQUEZ,6,03,PASTORES,2026-07-14T23:53:06+00:00,https://www.mineduc.gob.gt/BUSCAESTABLECIMIENTO_GE/
03,SACATEPEQUEZ,7,15,SAN ANTONIO AGUAS CALIENTES,2026-07-14T23:53:06+00:00,https://www.mineduc.gob.gt/BUSCAESTABLECIMIENTO_GE/
03,SACATEPEQUEZ,8,07,SAN BARTOLOME MILPAS ALTAS,2026-07-14T23:53:06+00:00,https://www.mineduc.gob.gt/BUSCAESTABLECIMIENTO_GE/
03,SACATEPEQUEZ,9,08,SAN LUCAS SACATEPEQUEZ,2026-07-14T23:53:06+00:00,https://www.mineduc.gob.gt/BUSCAESTABLECIMIENTO_GE/
03,SACATEPEQUEZ,10,13,SAN MIGUEL DUENAS,2026-07-14T23:53:06+00:00,https://www.mineduc.gob.gt/BUSCAESTABLECIMIENTO_GE/
03,SACATEPEQUEZ,11,16,SANTA CATARINA BARAHONA,2026-07-14T23:53:06+00:00,https://www.mineduc.gob.gt/BUSCAESTABLECIMIENTO_GE/
03,SACATEPEQUEZ,12,09,SANTA LUCIA MILPAS ALTAS,2026-07-14T23:53:06+00:00,https://www.mineduc.gob.gt/BUSCAESTABLECIMIENTO_GE/
03,SACATEPEQUEZ,13,11,SANTA MARIA DE JESUS,2026-07-14T23:53:06+00:00,https://www.mineduc.gob.gt/BUSCAESTABLECIMIENTO_GE/
03,SACATEPEQUEZ,14,06,SANTIAGO SACATEPEQUEZ,2026-07-14T23:53:06+00:00,https://www.mineduc.gob.gt/BUSCAESTABLECIMIENTO_GE/
03,SACATEPEQUEZ,15,05,SANTO DOMINGO XENACOJ,2026-07-14T23:53:06+00:00,https://www.mineduc.gob.gt/BUSCAESTABLECIMIENTO_GE/
03,SACATEPEQUEZ,16,04,SUMPANGO,2026-07-14T23:53:06+00:00,https://www.mineduc.gob.gt/BUSCAESTABLECIMIENTO_GE/
12,SAN MARCOS,0,TODOS,TODOS,2026-07-14T23:53:06+00:00,https://www.mineduc.gob.gt/BUSCAESTABLECIMIENTO_GE/
12,SAN MARCOS,1,17,AYUTLA,2026-07-14T23:53:06+00:00,https://www.mineduc.gob.gt/BUSCAESTABLECIMIENTO_GE/
12,SAN MARCOS,2,16,CATARINA,2026-07-14T23:53:06+00:00,https://www.mineduc.gob.gt/BUSCAESTABLECIMIENTO_GE/
12,SAN MARCOS,3,04,COMITANCILLO,2026-07-14T23:53:06+00:00,https://www.mineduc.gob.gt/BUSCAESTABLECIMIENTO_GE/
12,SAN MARCOS,4,06,CONCEPCION TUTUAPA,2026-07-14T23:53:06+00:00,https://www.mineduc.gob.gt/BUSCAESTABLECIMIENTO_GE/
12,SAN MARCOS,5,20,EL QUETZAL,2026-07-14T23:53:06+00:00,https://www.mineduc.gob.gt/BUSCAESTABLECIMIENTO_GE/
12,SAN MARCOS,6,13,EL TUMBADOR,2026-07-14T23:53:06+00:00,https://www.mineduc.gob.gt/BUSCAESTABLECIMIENTO_GE/
12,SAN MARCOS,7,27,ESQUIPULAS PALO GORDO,2026-07-14T23:53:06+00:00,https://www.mineduc.gob.gt/BUSCAESTABLECIMIENTO_GE/
12,SAN MARCOS,8,23,IXCHIGUAN,2026-07-14T23:53:06+00:00,https://www.mineduc.gob.gt/BUSCAESTABLECIMIENTO_GE/
12,SAN MARCOS,9,30,LA BLANCA,2026-07-14T23:53:06+00:00,https://www.mineduc.gob.gt/BUSCAESTABLECIMIENTO_GE/
12,SAN MARCOS,10,21,LA REFORMA,2026-07-14T23:53:06+00:00,https://www.mineduc.gob.gt/BUSCAESTABLECIMIENTO_GE/
12,SAN MARCOS,11,15,MALACATAN,2026-07-14T23:53:06+00:00,https://www.mineduc.gob.gt/BUSCAESTABLECIMIENTO_GE/
12,SAN MARCOS,12,12,NUEVO PROGRESO,2026-07-14T23:53:06+00:00,https://www.mineduc.gob.gt/BUSCAESTABLECIMIENTO_GE/
12,SAN MARCOS,13,18,OCOS,2026-07-14T23:53:06+00:00,https://www.mineduc.gob.gt/BUSCAESTABLECIMIENTO_GE/
12,SAN MARCOS,14,22,PAJAPITA,2026-07-14T23:53:06+00:00,https://www.mineduc.gob.gt/BUSCAESTABLECIMIENTO_GE/
12,SAN MARCOS,15,28,RIO BLANCO,2026-07-14T23:53:06+00:00,https://www.mineduc.gob.gt/BUSCAESTABLECIMIENTO_GE/
12,SAN MARCOS,16,03,SAN ANTONIO SACATEPEQUEZ,2026-07-14T23:53:06+00:00,https://www.mineduc.gob.gt/BUSCAESTABLECIMIENTO_GE/
12,SAN MARCOS,17,25,SAN CRISTOBAL CUCHO,2026-07-14T23:53:06+00:00,https://www.mineduc.gob.gt/BUSCAESTABLECIMIENTO_GE/
12,SAN MARCOS,18,14,SAN JOSE EL RODEO,2026-07-14T23:53:06+00:00,https://www.mineduc.gob.gt/BUSCAESTABLECIMIENTO_GE/
12,SAN MARCOS,19,24,SAN JOSE OJETENAM,2026-07-14T23:53:06+00:00,https://www.mineduc.gob.gt/BUSCAESTABLECIMIENTO_GE/
12,SAN MARCOS,20,29,SAN LORENZO,2026-07-14T23:53:06+00:00,https://www.mineduc.gob.gt/BUSCAESTABLECIMIENTO_GE/
12,SAN MARCOS,21,01,SAN MARCOS,2026-07-14T23:53:06+00:00,https://www.mineduc.gob.gt/BUSCAESTABLECIMIENTO_GE/
12,SAN MARCOS,22,05,SAN MIGUEL IXTAHUACAN,2026-07-14T23:53:06+00:00,https://www.mineduc.gob.gt/BUSCAESTABLECIMIENTO_GE/
12,SAN MARCOS,23,19,SAN PABLO,2026-07-14T23:53:06+00:00,https://www.mineduc.gob.gt/BUSCAESTABLECIMIENTO_GE/
12,SAN MARCOS,24,02,SAN PEDRO SACATEPEQUEZ,2026-07-14T23:53:06+00:00,https://www.mineduc.gob.gt/BUSCAESTABLECIMIENTO_GE/
12,SAN MARCOS,25,11,SAN RAFAEL PIE DE LA CUESTA,2026-07-14T23:53:06+00:00,https://www.mineduc.gob.gt/BUSCAESTABLECIMIENTO_GE/
12,SAN MARCOS,26,08,SIBINAL,2026-07-14T23:53:06+00:00,https://www.mineduc.gob.gt/BUSCAESTABLECIMIENTO_GE/
12,SAN MARCOS,27,26,SIPACAPA,2026-07-14T23:53:06+00:00,https://www.mineduc.gob.gt/BUSCAESTABLECIMIENTO_GE/
12,SAN MARCOS,28,07,TACANA,2026-07-14T23:53:06+00:00,https://www.mineduc.gob.gt/BUSCAESTABLECIMIENTO_GE/
12,SAN MARCOS,29,09,TAJUMULCO,2026-07-14T23:53:06+00:00,https://www.mineduc.gob.gt/BUSCAESTABLECIMIENTO_GE/
12,SAN MARCOS,30,10,TEJUTLA,2026-07-14T23:53:06+00:00,https://www.mineduc.gob.gt/BUSCAESTABLECIMIENTO_GE/
06,SANTA ROSA,0,TODOS,TODOS,2026-07-14T23:53:06+00:00,https://www.mineduc.gob.gt/BUSCAESTABLECIMIENTO_GE/
06,SANTA ROSA,1,02,BARBERENA,2026-07-14T23:53:06+00:00,https://www.mineduc.gob.gt/BUSCAESTABLECIMIENTO_GE/
06,SANTA ROSA,2,04,CASILLAS,2026-07-14T23:53:06+00:00,https://www.mineduc.gob.gt/BUSCAESTABLECIMIENTO_GE/
06,SANTA ROSA,3,08,CHIQUIMULILLA,2026-07-14T23:53:06+00:00,https://www.mineduc.gob.gt/BUSCAESTABLECIMIENTO_GE/
06,SANTA ROSA,4,01,CUILAPA,2026-07-14T23:53:06+00:00,https://www.mineduc.gob.gt/BUSCAESTABLECIMIENTO_GE/
06,SANTA ROSA,5,11,GUAZACAPAN,2026-07-14T23:53:06+00:00,https://www.mineduc.gob.gt/BUSCAESTABLECIMIENTO_GE/
06,SANTA ROSA,6,14,NUEVA SANTA ROSA,2026-07-14T23:53:06+00:00,https://www.mineduc.gob.gt/BUSCAESTABLECIMIENTO_GE/
06,SANTA ROSA,7,06,ORATORIO,2026-07-14T23:53:06+00:00,https://www.mineduc.gob.gt/BUSCAESTABLECIMIENTO_GE/
06,SANTA ROSA,8,13,PUEBLO NUEVO VIÑAS,2026-07-14T23:53:06+00:00,https://www.mineduc.gob.gt/BUSCAESTABLECIMIENTO_GE/
06,SANTA ROSA,9,07,SAN JUAN TECUACO,2026-07-14T23:53:06+00:00,https://www.mineduc.gob.gt/BUSCAESTABLECIMIENTO_GE/
06,SANTA ROSA,10,05,SAN RAFAEL LAS FLORES,2026-07-14T23:53:06+00:00,https://www.mineduc.gob.gt/BUSCAESTABLECIMIENTO_GE/
06,SANTA ROSA,11,12,SANTA CRUZ NARANJO,2026-07-14T23:53:06+00:00,https://www.mineduc.gob.gt/BUSCAESTABLECIMIENTO_GE/
06,SANTA ROSA,12,10,SANTA MARIA IXHUATAN,2026-07-14T23:53:06+00:00,https://www.mineduc.gob.gt/BUSCAESTABLECIMIENTO_GE/
06,SANTA ROSA,13,03,SANTA ROSA DE LIMA,2026-07-14T23:53:06+00:00,https://www.mineduc.gob.gt/BUSCAESTABLECIMIENTO_GE/
06,SANTA ROSA,14,09,TAXISCO,2026-07-14T23:53:06+00:00,https://www.mineduc.gob.gt/BUSCAESTABLECIMIENTO_GE/
07,SOLOLA,0,TODOS,TODOS,2026-07-14T23:53:06+00:00,https://www.mineduc.gob.gt/BUSCAESTABLECIMIENTO_GE/
07,SOLOLA,1,08,CONCEPCION,2026-07-14T23:53:06+00:00,https://www.mineduc.gob.gt/BUSCAESTABLECIMIENTO_GE/
07,SOLOLA,2,05,NAHUALA,2026-07-14T23:53:06+00:00,https://www.mineduc.gob.gt/BUSCAESTABLECIMIENTO_GE/
07,SOLOLA,3,10,PANAJACHEL,2026-07-14T23:53:06+00:00,https://www.mineduc.gob.gt/BUSCAESTABLECIMIENTO_GE/
07,SOLOLA,4,09,SAN ANDRES SEMETABAJ,2026-07-14T23:53:06+00:00,https://www.mineduc.gob.gt/BUSCAESTABLECIMIENTO_GE/
07,SOLOLA,5,12,SAN ANTONIO PALOPO,2026-07-14T23:53:06+00:00,https://www.mineduc.gob.gt/BUSCAESTABLECIMIENTO_GE/
07,SOLOLA,6,02,SAN JOSE CHACAYA,2026-07-14T23:53:06+00:00,https://www.mineduc.gob.gt/BUSCAESTABLECIMIENTO_GE/
07,SOLOLA,7,17,SAN JUAN LA LAGUNA,2026-07-14T23:53:06+00:00,https://www.mineduc.gob.gt/BUSCAESTABLECIMIENTO_GE/
07,SOLOLA,8,13,SAN LUCAS TOLIMAN,2026-07-14T23:53:06+00:00,https://www.mineduc.gob.gt/BUSCAESTABLECIMIENTO_GE/
07,SOLOLA,9,16,SAN MARCOS LA LAGUNA,2026-07-14T23:53:06+00:00,https://www.mineduc.gob.gt/BUSCAESTABLECIMIENTO_GE/
07,SOLOLA,10,15,SAN PABLO LA LAGUNA,2026-07-14T23:53:06+00:00,https://www.mineduc.gob.gt/BUSCAESTABLECIMIENTO_GE/
07,SOLOLA,11,18,SAN PEDRO LA LAGUNA,2026-07-14T23:53:06+00:00,https://www.mineduc.gob.gt/BUSCAESTABLECIMIENTO_GE/
07,SOLOLA,12,06,SANTA CATARINA IXTAHUACAN,2026-07-14T23:53:06+00:00,https://www.mineduc.gob.gt/BUSCAESTABLECIMIENTO_GE/
07,SOLOLA,13,11,SANTA CATARINA PALOPO,2026-07-14T23:53:06+00:00,https://www.mineduc.gob.gt/BUSCAESTABLECIMIENTO_GE/
07,SOLOLA,14,07,SANTA CLARA LA LAGUNA,2026-07-14T23:53:06+00:00,https://www.mineduc.gob.gt/BUSCAESTABLECIMIENTO_GE/
07,SOLOLA,15,14,SANTA CRUZ LA LAGUNA,2026-07-14T23:53:06+00:00,https://www.mineduc.gob.gt/BUSCAESTABLECIMIENTO_GE/
07,SOLOLA,16,04,SANTA LUCIA UTATLAN,2026-07-14T23:53:06+00:00,https://www.mineduc.gob.gt/BUSCAESTABLECIMIENTO_GE/
07,SOLOLA,17,03,SANTA MARIA VISITACION,2026-07-14T23:53:06+00:00,https://www.mineduc.gob.gt/BUSCAESTABLECIMIENTO_GE/
07,SOLOLA,18,19,SANTIAGO ATITLAN,2026-07-14T23:53:06+00:00,https://www.mineduc.gob.gt/BUSCAESTABLECIMIENTO_GE/
07,SOLOLA,19,01,SOLOLA,2026-07-14T23:53:06+00:00,https://www.mineduc.gob.gt/BUSCAESTABLECIMIENTO_GE/
10,SUCHITEPEQUEZ,0,TODOS,TODOS,2026-07-14T23:53:06+00:00,https://www.mineduc.gob.gt/BUSCAESTABLECIMIENTO_GE/
10,SUCHITEPEQUEZ,1,13,CHICACAO,2026-07-14T23:53:06+00:00,https://www.mineduc.gob.gt/BUSCAESTABLECIMIENTO_GE/
10,SUCHITEPEQUEZ,2,02,CUYOTENANGO,2026-07-14T23:53:06+00:00,https://www.mineduc.gob.gt/BUSCAESTABLECIMIENTO_GE/
10,SUCHITEPEQUEZ,3,01,MAZATENANGO,2026-07-14T23:53:06+00:00,https://www.mineduc.gob.gt/BUSCAESTABLECIMIENTO_GE/
10,SUCHITEPEQUEZ,4,14,PATULUL,2026-07-14T23:53:06+00:00,https://www.mineduc.gob.gt/BUSCAESTABLECIMIENTO_GE/
10,SUCHITEPEQUEZ,5,19,PUEBLO NUEVO,2026-07-14T23:53:06+00:00,https://www.mineduc.gob.gt/BUSCAESTABLECIMIENTO_GE/
10,SUCHITEPEQUEZ,6,20,RIO BRAVO,2026-07-14T23:53:06+00:00,https://www.mineduc.gob.gt/BUSCAESTABLECIMIENTO_GE/
10,SUCHITEPEQUEZ,7,08,SAMAYAC,2026-07-14T23:53:06+00:00,https://www.mineduc.gob.gt/BUSCAESTABLECIMIENTO_GE/
10,SUCHITEPEQUEZ,8,10,SAN ANTONIO SUCHITEPEQUEZ,2026-07-14T23:53:06+00:00,https://www.mineduc.gob.gt/BUSCAESTABLECIMIENTO_GE/
10,SUCHITEPEQUEZ,9,04,SAN BERNARDINO,2026-07-14T23:53:06+00:00,https://www.mineduc.gob.gt/BUSCAESTABLECIMIENTO_GE/
10,SUCHITEPEQUEZ,10,03,SAN FRANCISCO ZAPOTITLAN,2026-07-14T23:53:06+00:00,https://www.mineduc.gob.gt/BUSCAESTABLECIMIENTO_GE/
10,SUCHITEPEQUEZ,11,12,SAN GABRIEL,2026-07-14T23:53:06+00:00,https://www.mineduc.gob.gt/BUSCAESTABLECIMIENTO_GE/
10,SUCHITEPEQUEZ,12,05,SAN JOSE EL IDOLO,2026-07-14T23:53:06+00:00,https://www.mineduc.gob.gt/BUSCAESTABLECIMIENTO_GE/
10,SUCHITEPEQUEZ,13,21,SAN JOSE LA MAQUINA,2026-07-14T23:53:06+00:00,https://www.mineduc.gob.gt/BUSCAESTABLECIMIENTO_GE/
10,SUCHITEPEQUEZ,14,16,SAN JUAN BAUTISTA,2026-07-14T23:53:06+00:00,https://www.mineduc.gob.gt/BUSCAESTABLECIMIENTO_GE/
10,SUCHITEPEQUEZ,15,07,SAN LORENZO,2026-07-14T23:53:06+00:00,https://www.mineduc.gob.gt/BUSCAESTABLECIMIENTO_GE/
10,SUCHITEPEQUEZ,16,11,SAN MIGUEL PANAM,2026-07-14T23:53:06+00:00,https://www.mineduc.gob.gt/BUSCAESTABLECIMIENTO_GE/
10,SUCHITEPEQUEZ,17,09,SAN PABLO JOCOPILAS,2026-07-14T23:53:06+00:00,https://www.mineduc.gob.gt/BUSCAESTABLECIMIENTO_GE/
10,SUCHITEPEQUEZ,18,15,SANTA BARBARA,2026-07-14T23:53:06+00:00,https://www.mineduc.gob.gt/BUSCAESTABLECIMIENTO_GE/
10,SUCHITEPEQUEZ,19,06,SANTO DOMINGO SUCHITEPEQUEZ,2026-07-14T23:53:06+00:00,https://www.mineduc.gob.gt/BUSCAESTABLECIMIENTO_GE/
10,SUCHITEPEQUEZ,20,17,SANTO TOMAS LA UNION,2026-07-14T23:53:06+00:00,https://www.mineduc.gob.gt/BUSCAESTABLECIMIENTO_GE/
10,SUCHITEPEQUEZ,21,18,ZUNILITO,2026-07-14T23:53:06+00:00,https://www.mineduc.gob.gt/BUSCAESTABLECIMIENTO_GE/
08,TOTONICAPAN,0,TODOS,TODOS,2026-07-14T23:53:06+00:00,https://www.mineduc.gob.gt/BUSCAESTABLECIMIENTO_GE/
08,TOTONICAPAN,1,05,MOMOSTENANGO,2026-07-14T23:53:06+00:00,https://www.mineduc.gob.gt/BUSCAESTABLECIMIENTO_GE/
08,TOTONICAPAN,2,04,SAN ANDRES XECUL,2026-07-14T23:53:06+00:00,https://www.mineduc.gob.gt/BUSCAESTABLECIMIENTO_GE/
08,TOTONICAPAN,3,08,SAN BARTOLO AGUAS CALIENTES,2026-07-14T23:53:06+00:00,https://www.mineduc.gob.gt/BUSCAESTABLECIMIENTO_GE/
08,TOTONICAPAN,4,02,SAN CRISTOBAL TOTONICAPAN,2026-07-14T23:53:06+00:00,https://www.mineduc.gob.gt/BUSCAESTABLECIMIENTO_GE/
08,TOTONICAPAN,5,03,SAN FRANCISCO EL ALTO,2026-07-14T23:53:06+00:00,https://www.mineduc.gob.gt/BUSCAESTABLECIMIENTO_GE/
08,TOTONICAPAN,6,07,SANTA LUCIA LA REFORMA,2026-07-14T23:53:06+00:00,https://www.mineduc.gob.gt/BUSCAESTABLECIMIENTO_GE/
08,TOTONICAPAN,7,06,SANTA MARIA CHIQUIMULA,2026-07-14T23:53:06+00:00,https://www.mineduc.gob.gt/BUSCAESTABLECIMIENTO_GE/
08,TOTONICAPAN,8,01,TOTONICAPAN,2026-07-14T23:53:06+00:00,https://www.mineduc.gob.gt/BUSCAESTABLECIMIENTO_GE/
19,ZACAPA,0,TODOS,TODOS,2026-07-14T23:53:06+00:00,https://www.mineduc.gob.gt/BUSCAESTABLECIMIENTO_GE/
19,ZACAPA,1,07,CABAÑAS,2026-07-14T23:53:06+00:00,https://www.mineduc.gob.gt/BUSCAESTABLECIMIENTO_GE/
19,ZACAPA,2,02,ESTANZUELA,2026-07-14T23:53:06+00:00,https://www.mineduc.gob.gt/BUSCAESTABLECIMIENTO_GE/
19,ZACAPA,3,04,GUALAN,2026-07-14T23:53:06+00:00,https://www.mineduc.gob.gt/BUSCAESTABLECIMIENTO_GE/
19,ZACAPA,4,10,HUITE,2026-07-14T23:53:06+00:00,https://www.mineduc.gob.gt/BUSCAESTABLECIMIENTO_GE/
19,ZACAPA,5,09,LA UNION,2026-07-14T23:53:06+00:00,https://www.mineduc.gob.gt/BUSCAESTABLECIMIENTO_GE/
19,ZACAPA,6,03,RIO HONDO,2026-07-14T23:53:06+00:00,https://www.mineduc.gob.gt/BUSCAESTABLECIMIENTO_GE/
19,ZACAPA,7,08,SAN DIEGO,2026-07-14T23:53:06+00:00,https://www.mineduc.gob.gt/BUSCAESTABLECIMIENTO_GE/
19,ZACAPA,8,11,SAN JORGE,2026-07-14T23:53:06+00:00,https://www.mineduc.gob.gt/BUSCAESTABLECIMIENTO_GE/
19,ZACAPA,9,05,TECULUTAN,2026-07-14T23:53:06+00:00,https://www.mineduc.gob.gt/BUSCAESTABLECIMIENTO_GE/
19,ZACAPA,10,06,USUMATLAN,2026-07-14T23:53:06+00:00,https://www.mineduc.gob.gt/BUSCAESTABLECIMIENTO_GE/
19,ZACAPA,11,01,ZACAPA,2026-07-14T23:53:06+00:00,https://www.mineduc.gob.gt/BUSCAESTABLECIMIENTO_GE/
