codigo,distrito,departamento,municipio,establecimiento,direccion,telefono,supervisor,director,nivel,sector,area,status,modalidad,jornada,plan,departamental,fecha_extraccion,fuente_url,nivel_consulta,sector_consulta,plan_consulta,modalidad_consulta,departamento_consulta,departamento_consulta_codigo,municipio_consulta
20-01-0024-46,20-01-1142,CHIQUIMULA,CHIQUIMULA,ESCUELA DE CIENCIAS COMERCIALES NOCTURNA,10A. AVENIDA 3-71 ZONA 1,41494622,CÉSAR ADALBERTO NOGUERA JÁCOME,HECTOR ALIDIO CERÓN BRENES,DIVERSIFICADO,OFICIAL,URBANA,ABIERTA,MONOLINGUE,NOCTURNA,DIARIO(REGULAR),CHIQUIMULA,2026-07-14T23:53:06+00:00,https://www.mineduc.gob.gt/BUSCAESTABLECIMIENTO_GE/,DIVERSIFICADO,TODOS,TODOS,TODOS,CHIQUIMULA,20,
20-01-0028-46,20-024,CHIQUIMULA,CHIQUIMULA,"COLEGIO CIENTÍFICO EN INFORMÁTICA, ELECTRÓNICA Y TELECOMUNICACIONES ADY",3A. CALLE 8-41 ZONA 1,66206263-79420025,SILVIA MARILENA BUEZO MARTINEZ,GLADYS HAYDEE SOLARES,DIVERSIFICADO,PRIVADO,URBANA,CERRADA DEFINITIVAMENTE,MONOLINGUE,MATUTINA,DIARIO(REGULAR),CHIQUIMULA,2026-07-14T23:53:06+00:00,https://www.mineduc.gob.gt/BUSCAESTABLECIMIENTO_GE/,DIVERSIFICADO,TODOS,TODOS,TODOS,CHIQUIMULA,20,
20-01-0029-46,20-01-1144,CHIQUIMULA,CHIQUIMULA,INSTITUTO DIVERSIFICADO ADS. AL INEB 'DR. DAVID GUERRA GUZMAN',2A CALLE ENTRE 11 Y 12 AVENIDAS ZONA 1,79497213,CESAR HELAMAN GARCÍA LÓPEZ,ROMEO RIVERA CHACÓN,DIVERSIFICADO,OFICIAL,URBANA,ABIERTA,MONOLINGUE,VESPERTINA,DIARIO(REGULAR),CHIQUIMULA,2026-07-14T23:53:06+00:00,https://www.mineduc.gob.gt/BUSCAESTABLECIMIENTO_GE/,DIVERSIFICADO,TODOS,TODOS,TODOS,CHIQUIMULA,20,
20-01-0030-46,20-01-1144,CHIQUIMULA,CHIQUIMULA,ESCUELA NACIONAL DE MAESTROS DE EDUCACION MUSICAL PEM OSCAR AUGUSTO MATEO MORALES,2A CALLE Y 12 AVENIDA ZONA 1,56300566,CESAR HELAMAN GARCÍA LÓPEZ,JOSÉ VICENTE REYES SOLÍS,DIVERSIFICADO,OFICIAL,URBANA,ABIERTA,MONOLINGUE,NOCTURNA,DIARIO(REGULAR),CHIQUIMULA,2026-07-14T23:53:06+00:00,https://www.mineduc.gob.gt/BUSCAESTABLECIMIENTO_GE/,DIVERSIFICADO,TODOS,TODOS,TODOS,CHIQUIMULA,20,
20-01-0031-46,20-01-1145,CHIQUIMULA,CHIQUIMULA,ESCUELA SECUNDARIA PRIVADA MIXTA DE ORIENTE -ESDEO-,2A CALLE 4-40 ZONA 1,79420290,LUIS GUSTAVO SAGASTUME CONTRERAS,ERWIN LEONEL COLINDRES MONROY,DIVERSIFICADO,PRIVADO,URBANA,ABIERTA,MONOLINGUE,VESPERTINA,DIARIO(REGULAR),CHIQUIMULA,2026-07-14T23:53:06+00:00,https://www.mineduc.gob.gt/BUSCAESTABLECIMIENTO_GE/,DIVERSIFICADO,TODOS,TODOS,TODOS,CHIQUIMULA,20,
20-01-0032-46,20-01-1148,CHIQUIMULA,CHIQUIMULA,"COLEGIO EVANGÉLICO MIXTO ""AMIGOS""",10MA AVENIDA 5-38 ZONA 1,79420116,SILVIA MARILENA BUEZO MARTÍNEZ,ROXANA LISBETH URRUTIA PINTO,DIVERSIFICADO,PRIVADO,URBANA,ABIERTA,MONOLINGUE,VESPERTINA,DIARIO(REGULAR),CHIQUIMULA,2026-07-14T23:53:06+00:00,https://www.mineduc.gob.gt/BUSCAESTABLECIMIENTO_GE/,DIVERSIFICADO,TODOS,TODOS,TODOS,CHIQUIMULA,20,
20-01-0033-46,20-01-1146,CHIQUIMULA,CHIQUIMULA,INSTITUTO TECNOLOGICO PRIVADO DE ORIENTE,4TA. AVENIDA 4-20 ZONA 1,79425959,MERY ELISABET CALDERÓN CASTILLO,SALOMON ELIASIB ALVAREZ CORDÓN,DIVERSIFICADO,PRIVADO,URBANA,ABIERTA,MONOLINGUE,DOBLE,DIARIO(REGULAR),CHIQUIMULA,2026-07-14T23:53:06+00:00,https://www.mineduc.gob.gt/BUSCAESTABLECIMIENTO_GE/,DIVERSIFICADO,TODOS,TODOS,TODOS,CHIQUIMULA,20,
20-01-0034-46,20-01-1142,CHIQUIMULA,CHIQUIMULA,INSTITUTO NORMAL PARA SEÑORITAS DE ORIENTE,4A. CALLE 6-00 ZONA 1,59799216,CÉSAR ADALBERTO NOGUERA JÁCOME,MIRNA ELIZABETH QUIROA LÓPEZ,DIVERSIFICADO,OFICIAL,URBANA,ABIERTA,MONOLINGUE,MATUTINA,DIARIO(REGULAR),CHIQUIMULA,2026-07-14T23:53:06+00:00,https://www.mineduc.gob.gt/BUSCAESTABLECIMIENTO_GE/,DIVERSIFICADO,TODOS,TODOS,TODOS,CHIQUIMULA,20,
20-01-0036-46,20-01-1149,CHIQUIMULA,CHIQUIMULA,INSTITUTO NORMAL PARA VARONES DE ORIENTE,6A AVE. 4-10 ZONA 1,42102776,BYRON HORACIO SARCEÑO ZEPEDA,BALVINO CHACÓN PÉREZ,DIVERSIFICADO,OFICIAL,URBANA,ABIERTA,MONOLINGUE,MATUTINA,DIARIO(REGULAR),CHIQUIMULA,2026-07-14T23:53:06+00:00,https://www.mineduc.gob.gt/BUSCAESTABLECIMIENTO_GE/,DIVERSIFICADO,TODOS,TODOS,TODOS,CHIQUIMULA,20,
20-01-0038-46,20-01-1148,CHIQUIMULA,CHIQUIMULA,"""LICEO LA SALLE""",6A CALLE 3-61 ZONA 1,79420328,SILVIA MARILENA BUEZO MARTÍNEZ,CARLOS ORLANDO TOLEDO GARCÍA,DIVERSIFICADO,PRIVADO,URBANA,ABIERTA,MONOLINGUE,MATUTINA,DIARIO(REGULAR),CHIQUIMULA,2026-07-14T23:53:06+00:00,https://www.mineduc.gob.gt/BUSCAESTABLECIMIENTO_GE/,DIVERSIFICADO,TODOS,TODOS,TODOS,CHIQUIMULA,20,
20-01-0040-46,20-01-1144,CHIQUIMULA,CHIQUIMULA,COLEGIO PRIVADO MIXTO 'SAGRADA FAMILIA',6A AVE. 5-68 ZONA 1,79420232,CESAR HELAMAN GARCÍA LÓPEZ,SHENY MARÍA FAJARDO MÉNDEZ,DIVERSIFICADO,PRIVADO,URBANA,ABIERTA,MONOLINGUE,MATUTINA,DIARIO(REGULAR),CHIQUIMULA,2026-07-14T23:53:06+00:00,https://www.mineduc.gob.gt/BUSCAESTABLECIMIENTO_GE/,DIVERSIFICADO,TODOS,TODOS,TODOS,CHIQUIMULA,20,
20-01-0041-46,20-01-1187,CHIQUIMULA,CHIQUIMULA,INSTITUTO MODERNO CHIQUIMULTECO,CALLE HUGO LEONEL BACARO 9-30 ZONA 1,,KAREN SUCETH GUERRA CALDERÓN,,DIVERSIFICADO,PRIVADO,URBANA,ABIERTA,MONOLINGUE,VESPERTINA,DIARIO(REGULAR),CHIQUIMULA,2026-07-14T23:53:06+00:00,https://www.mineduc.gob.gt/BUSCAESTABLECIMIENTO_GE/,DIVERSIFICADO,TODOS,TODOS,TODOS,CHIQUIMULA,20,
20-01-0119-46,20-024,CHIQUIMULA,CHIQUIMULA,LICEO TECNOLOGICO BILINGUE CHIQUIMULTECO,6A. CALLE 5-17 ZONA 1,79492282,SILVIA MARILENA BUEZO MARTINEZ,---,DIVERSIFICADO,PRIVADO,URBANA,CERRADA DEFINITIVAMENTE,MONOLINGUE,DOBLE,FIN DE SEMANA,CHIQUIMULA,2026-07-14T23:53:06+00:00,https://www.mineduc.gob.gt/BUSCAESTABLECIMIENTO_GE/,DIVERSIFICADO,TODOS,TODOS,TODOS,CHIQUIMULA,20,
20-01-0129-46,20-024,CHIQUIMULA,CHIQUIMULA,LICEO ISRAELÍ,5A. CALLE 1-40 ZONA 1,79423558,SILVIA MARILENA BUEZO MARTINEZ,---,DIVERSIFICADO,PRIVADO,URBANA,CERRADA DEFINITIVAMENTE,MONOLINGUE,DOBLE,FIN DE SEMANA,CHIQUIMULA,2026-07-14T23:53:06+00:00,https://www.mineduc.gob.gt/BUSCAESTABLECIMIENTO_GE/,DIVERSIFICADO,TODOS,TODOS,TODOS,CHIQUIMULA,20,
20-01-0131-46,20-038,CHIQUIMULA,CHIQUIMULA,ESCUELA PRIVADA DE EDUCACION FISICA DE ORIENTE,,,RICARDO URIEL SAMAYOA TRIGUEROS,---,DIVERSIFICADO,PRIVADO,URBANA,CERRADA DEFINITIVAMENTE,MONOLINGUE,VESPERTINA,DIARIO(REGULAR),CHIQUIMULA,2026-07-14T23:53:06+00:00,https://www.mineduc.gob.gt/BUSCAESTABLECIMIENTO_GE/,DIVERSIFICADO,TODOS,TODOS,TODOS,CHIQUIMULA,20,
20-01-0132-46,20-038,CHIQUIMULA,CHIQUIMULA,ESCUELA PRIVADA DE EDUCACION FISICA DE ORIENTE,,,RICARDO URIEL SAMAYOA TRIGUEROS,---,DIVERSIFICADO,PRIVADO,URBANA,CERRADA TEMPORALMENTE,MONOLINGUE,VESPERTINA,DIARIO(REGULAR),CHIQUIMULA,2026-07-14T23:53:06+00:00,https://www.mineduc.gob.gt/BUSCAESTABLECIMIENTO_GE/,DIVERSIFICADO,TODOS,TODOS,TODOS,CHIQUIMULA,20,
20-01-0164-46,20-01-1146,CHIQUIMULA,CHIQUIMULA,INSTITUTO TECNOLOGICO PRIVADO DE ORIENTE,4TA. AVENIDA 4-20 ZONA 1,79422349,MERY ELISABET CALDERÓN CASTILLO,SALOMON ELIASIB ALVAREZ CORDÓN,DIVERSIFICADO,PRIVADO,URBANA,ABIERTA,MONOLINGUE,DOBLE,FIN DE SEMANA,CHIQUIMULA,2026-07-14T23:53:06+00:00,https://www.mineduc.gob.gt/BUSCAESTABLECIMIENTO_GE/,DIVERSIFICADO,TODOS,TODOS,TODOS,CHIQUIMULA,20,
20-01-0174-46,20-027,CHIQUIMULA,CHIQUIMULA,COLEGIO SUPERIOR DE INFORMATICA HIGA,1A. CALLE 5-61 ZONA 2,44043628,SILVIA MARILENA BUEZO MARTINEZ,JOSE DAVID BERCLAN LARA,DIVERSIFICADO,PRIVADO,URBANA,CERRADA DEFINITIVAMENTE,MONOLINGUE,MATUTINA,DIARIO(REGULAR),CHIQUIMULA,2026-07-14T23:53:06+00:00,https://www.mineduc.gob.gt/BUSCAESTABLECIMIENTO_GE/,DIVERSIFICADO,TODOS,TODOS,TODOS,CHIQUIMULA,20,
20-01-0176-46,20-01-1144,CHIQUIMULA,CHIQUIMULA,COLEGIO PRIVADO MIXTO BENDICION,4A. CALLE A 13-25 ZONA 1,41007884,CESAR HELAMAN GARCÍA LÓPEZ,AXEL YOVANY VILLELA MONROY,DIVERSIFICADO,PRIVADO,URBANA,ABIERTA,MONOLINGUE,DOBLE,FIN DE SEMANA,CHIQUIMULA,2026-07-14T23:53:06+00:00,https://www.mineduc.gob.gt/BUSCAESTABLECIMIENTO_GE/,DIVERSIFICADO,TODOS,TODOS,TODOS,CHIQUIMULA,20,
20-01-0178-46,20-024,CHIQUIMULA,CHIQUIMULA,COLEGIO EVANGELICO MIXTO ADONAI,8A. AVENIDA 4-40 ZONA 1,79424111,SILVIA MARILENA BUEZO MARTINEZ,MERARI JASMÍN DE LEÓN CARRILLO,DIVERSIFICADO,PRIVADO,URBANA,CERRADA DEFINITIVAMENTE,MONOLINGUE,DOBLE,FIN DE SEMANA,CHIQUIMULA,2026-07-14T23:53:06+00:00,https://www.mineduc.gob.gt/BUSCAESTABLECIMIENTO_GE/,DIVERSIFICADO,TODOS,TODOS,TODOS,CHIQUIMULA,20,
20-01-0179-46,20-01-1148,CHIQUIMULA,CHIQUIMULA,COLEGIO EVANGELICO MIXTO ADONAI,8A. AVENIDA 4-40 ZONA 1,79424111,SILVIA MARILENA BUEZO MARTÍNEZ,MERARI JASMÍN DE LEÓN CARRILLO,DIVERSIFICADO,PRIVADO,URBANA,ABIERTA,MONOLINGUE,DOBLE,FIN DE SEMANA,CHIQUIMULA,2026-07-14T23:53:06+00:00,https://www.mineduc.gob.gt/BUSCAESTABLECIMIENTO_GE/,DIVERSIFICADO,TODOS,TODOS,TODOS,CHIQUIMULA,20,
20-01-0181-46,20-01-1187,CHIQUIMULA,CHIQUIMULA,LICEO SAN PABLO,2A. CALLE 4-40 ZONA 1,79421747,KAREN SUCETH GUERRA CALDERÓN,EDGAR RENE ANDRADE SAENZ,DIVERSIFICADO,PRIVADO,URBANA,ABIERTA,MONOLINGUE,MATUTINA,DIARIO(REGULAR),CHIQUIMULA,2026-07-14T23:53:06+00:00,https://www.mineduc.gob.gt/BUSCAESTABLECIMIENTO_GE/,DIVERSIFICADO,TODOS,TODOS,TODOS,CHIQUIMULA,20,
20-01-0182-46,20-024,CHIQUIMULA,CHIQUIMULA,LICEO TECNOLOGICO BILINGUE CHIQUIMULTECO,6A CALLE 5-17 ZONA 1,79626334,SILVIA MARILENA BUEZO MARTINEZ,EDNA GRACIELA PINTO SAGASTUME,DIVERSIFICADO,PRIVADO,URBANA,CERRADA DEFINITIVAMENTE,MONOLINGUE,DOBLE,FIN DE SEMANA,CHIQUIMULA,2026-07-14T23:53:06+00:00,https://www.mineduc.gob.gt/BUSCAESTABLECIMIENTO_GE/,DIVERSIFICADO,TODOS,TODOS,TODOS,CHIQUIMULA,20,
20-01-0183-46,20-027,CHIQUIMULA,CHIQUIMULA,COLEGIO PRIVADO MIXTO SABIDURIA,2A. CALLE 4-40 ZONA 1,,SILVIA MARILENA BUEZO MARTINEZ,JOSE LUIS LOPEZ PERALTA,DIVERSIFICADO,PRIVADO,URBANA,CERRADA TEMPORALMENTE,MONOLINGUE,DOBLE,FIN DE SEMANA,CHIQUIMULA,2026-07-14T23:53:06+00:00,https://www.mineduc.gob.gt/BUSCAESTABLECIMIENTO_GE/,DIVERSIFICADO,TODOS,TODOS,TODOS,CHIQUIMULA,20,
20-01-0184-46,20-01-1187,CHIQUIMULA,CHIQUIMULA,COLEGIO PRIVADO MIXTO SABIDURIA,2DA. CALLE 4-40 ZONA 1,,KAREN SUCETH GUERRA CALDERÓN,JOSE LUIS LOPEZ PERALTA,DIVERSIFICADO,PRIVADO,URBANA,ABIERTA,MONOLINGUE,DOBLE,FIN DE SEMANA,CHIQUIMULA,2026-07-14T23:53:06+00:00,https://www.mineduc.gob.gt/BUSCAESTABLECIMIENTO_GE/,DIVERSIFICADO,TODOS,TODOS,TODOS,CHIQUIMULA,20,
20-01-0185-46,20-024,CHIQUIMULA,CHIQUIMULA,"COLEGIO CIENTIFICO EN INFORMATICA, ELECTRONICA Y TELECOMUNICACIONES ADY",3A. CALLE 8-41 ZONA 1,50949178,SILVIA MARILENA BUEZO MARTINEZ,GLADYS HAYDEE SOLARES,DIVERSIFICADO,PRIVADO,URBANA,CERRADA DEFINITIVAMENTE,MONOLINGUE,DOBLE,FIN DE SEMANA,CHIQUIMULA,2026-07-14T23:53:06+00:00,https://www.mineduc.gob.gt/BUSCAESTABLECIMIENTO_GE/,DIVERSIFICADO,TODOS,TODOS,TODOS,CHIQUIMULA,20,
20-01-0194-46,20-027,CHIQUIMULA,CHIQUIMULA,COLEGIO SUPERIOR DE INFORMATICA HIGA,1RA. CALLE 5-61 ZONA 2,44043628,SILVIA MARILENA BUEZO MARTINEZ,KOKMAN ANGEL CHANG BARELA,DIVERSIFICADO,PRIVADO,URBANA,CERRADA DEFINITIVAMENTE,MONOLINGUE,DOBLE,FIN DE SEMANA,CHIQUIMULA,2026-07-14T23:53:06+00:00,https://www.mineduc.gob.gt/BUSCAESTABLECIMIENTO_GE/,DIVERSIFICADO,TODOS,TODOS,TODOS,CHIQUIMULA,20,
20-01-0197-46,20-01-1187,CHIQUIMULA,CHIQUIMULA,COLEGIO SUPERIOR DE INFORMATICA HIGA,1RA. CALLE 5-61 ZONA 2,30631989,KAREN SUCETH GUERRA CALDERÓN,MIGUEL ANGEL MAYORGA,DIVERSIFICADO,PRIVADO,URBANA,ABIERTA,MONOLINGUE,DOBLE,FIN DE SEMANA,CHIQUIMULA,2026-07-14T23:53:06+00:00,https://www.mineduc.gob.gt/BUSCAESTABLECIMIENTO_GE/,DIVERSIFICADO,TODOS,TODOS,TODOS,CHIQUIMULA,20,
20-01-0198-46,20-01-1146,CHIQUIMULA,CHIQUIMULA,COLEGIO MIXTO EN TECNOLOGIA LATINOAMERICANO,3RA. AVENIDA 4-49 ZONA 1,54706013,MERY ELISABET CALDERÓN CASTILLO,JAQUELINE EDITH SANTIAGO RAMOS,DIVERSIFICADO,PRIVADO,URBANA,ABIERTA,MONOLINGUE,MATUTINA,DIARIO(REGULAR),CHIQUIMULA,2026-07-14T23:53:06+00:00,https://www.mineduc.gob.gt/BUSCAESTABLECIMIENTO_GE/,DIVERSIFICADO,TODOS,TODOS,TODOS,CHIQUIMULA,20,
20-01-0204-46,20-01-1146,CHIQUIMULA,CHIQUIMULA,INSTITUTO TECNOLOGICO PRIVADO DE ORIENTE,4A. AVENIDA 4-20 ZONA 1,79425959,MERY ELISABET CALDERÓN CASTILLO,SALOMON ELIASIB ALVAREZ CORDÓN,DIVERSIFICADO,PRIVADO,URBANA,ABIERTA,MONOLINGUE,MATUTINA,DIARIO(REGULAR),CHIQUIMULA,2026-07-14T23:53:06+00:00,https://www.mineduc.gob.gt/BUSCAESTABLECIMIENTO_GE/,DIVERSIFICADO,TODOS,TODOS,TODOS,CHIQUIMULA,20,
20-01-0205-46,20-01-1143,CHIQUIMULA,CHIQUIMULA,CENTRO EDUCATIVO INTEGRAL CASA DEL ALFARERO,14 AVENIDA 5-23 ZONA 7 COLONIA SHOROPIN,37590030,NINETH DEL ROSARIO MORALES SANCE DE REYES,KATHERINE JAZMIN GREGORIO,DIVERSIFICADO,PRIVADO,URBANA,ABIERTA,MONOLINGUE,MATUTINA,DIARIO(REGULAR),CHIQUIMULA,2026-07-14T23:53:06+00:00,https://www.mineduc.gob.gt/BUSCAESTABLECIMIENTO_GE/,DIVERSIFICADO,TODOS,TODOS,TODOS,CHIQUIMULA,20,
20-01-0207-46,20-01-1187,CHIQUIMULA,CHIQUIMULA,COLEGIO SUPERIOR DE INFORMÁTICA HIGA,1A. CALLE 5-61 ZONA 2,44043628,KAREN SUCETH GUERRA CALDERÓN,MIGUEL ANGEL MAYORGA,DIVERSIFICADO,PRIVADO,URBANA,ABIERTA,MONOLINGUE,DOBLE,DIARIO(REGULAR),CHIQUIMULA,2026-07-14T23:53:06+00:00,https://www.mineduc.gob.gt/BUSCAESTABLECIMIENTO_GE/,DIVERSIFICADO,TODOS,TODOS,TODOS,CHIQUIMULA,20,
20-01-0213-46,20-01-1142,CHIQUIMULA,CHIQUIMULA,LICEO ISRAELÍ,5A. CALLE 4-11 ZONA 1,79422500,CÉSAR ADALBERTO NOGUERA JÁCOME,GLADYS EUGENIA RODRÍGUEZ RAMÍREZ,DIVERSIFICADO,PRIVADO,URBANA,ABIERTA,MONOLINGUE,MATUTINA,DIARIO(REGULAR),CHIQUIMULA,2026-07-14T23:53:06+00:00,https://www.mineduc.gob.gt/BUSCAESTABLECIMIENTO_GE/,DIVERSIFICADO,TODOS,TODOS,TODOS,CHIQUIMULA,20,
20-01-0216-46,20-024,CHIQUIMULA,CHIQUIMULA,LICEO ISRAELÍ,5TA. CALLE 4-11 ZONA 1,79422500,SILVIA MARILENA BUEZO MARTINEZ,MÁRILYN TATIANA SALGUERO ROLDÁN,DIVERSIFICADO,PRIVADO,URBANA,CERRADA DEFINITIVAMENTE,MONOLINGUE,DOBLE,FIN DE SEMANA,CHIQUIMULA,2026-07-14T23:53:06+00:00,https://www.mineduc.gob.gt/BUSCAESTABLECIMIENTO_GE/,DIVERSIFICADO,TODOS,TODOS,TODOS,CHIQUIMULA,20,
20-01-0217-46,20-024,CHIQUIMULA,CHIQUIMULA,"COLEGIO CIENTÍFICO EN INFORMÁTICA, ELECTRÓNICA Y TELECOMUNICACIONES ADY",3RA. CALLE 8-41 ZONA 1,79422774,SILVIA MARILENA BUEZO MARTINEZ,GLADYS HAYDEE SOLARES,DIVERSIFICADO,PRIVADO,URBANA,CERRADA DEFINITIVAMENTE,MONOLINGUE,DOBLE,DIARIO(REGULAR),CHIQUIMULA,2026-07-14T23:53:06+00:00,https://www.mineduc.gob.gt/BUSCAESTABLECIMIENTO_GE/,DIVERSIFICADO,TODOS,TODOS,TODOS,CHIQUIMULA,20,
20-01-0221-46,20-01-1145,CHIQUIMULA,CHIQUIMULA,ESCUELA SECUNDARIA PRIVADA MIXTA DE ORIENTE -ESDEO-,2DA. CALLE 4-40 ZONA 1,79420290,LUIS GUSTAVO SAGASTUME CONTRERAS,ERWIN LEONEL COLINDRES MONROY,DIVERSIFICADO,PRIVADO,URBANA,ABIERTA,MONOLINGUE,DOBLE,DIARIO(REGULAR),CHIQUIMULA,2026-07-14T23:53:06+00:00,https://www.mineduc.gob.gt/BUSCAESTABLECIMIENTO_GE/,DIVERSIFICADO,TODOS,TODOS,TODOS,CHIQUIMULA,20,
20-01-0223-46,20-024,CHIQUIMULA,CHIQUIMULA,"COLEGIO CIENTÍFICO EN INFORMÁTICA, ELECTRÓNICA Y TELECOMUNICACIONES ADY",3RA. CALLE 8-41 ZONA 1,59457725,SILVIA MARILENA BUEZO MARTINEZ,GLADYS HAYDEE SOLARES,DIVERSIFICADO,PRIVADO,URBANA,CERRADA DEFINITIVAMENTE,MONOLINGUE,DOBLE,FIN DE SEMANA,CHIQUIMULA,2026-07-14T23:53:06+00:00,https://www.mineduc.gob.gt/BUSCAESTABLECIMIENTO_GE/,DIVERSIFICADO,TODOS,TODOS,TODOS,CHIQUIMULA,20,
20-01-0232-46,20-01-1147,CHIQUIMULA,CHIQUIMULA,COLEGIO BILINGÜE MI PEQUEÑO MUNDO (MY SMALL WORLD BILINGUAL SCHOOL),8VA. AVENIDA SUR FINAL 1-18 ZONA 4,79425429,VALESKA LILIAM ESPERANZA ARGUETA REYES,ANGÉLICA MARÍA MEJÍA MORATAYA,DIVERSIFICADO,PRIVADO,URBANA,ABIERTA,MONOLINGUE,MATUTINA,DIARIO(REGULAR),CHIQUIMULA,2026-07-14T23:53:06+00:00,https://www.mineduc.gob.gt/BUSCAESTABLECIMIENTO_GE/,DIVERSIFICADO,TODOS,TODOS,TODOS,CHIQUIMULA,20,
20-01-0235-46,20-01-1146,CHIQUIMULA,CHIQUIMULA,COLEGIO MIXTO EN TECNOLOGÍA LATINOAMERICANO,3RA. AVENIDA 4-49 ZONA 1,54706013,MERY ELISABET CALDERÓN CASTILLO,JAQUELINE EDITH SANTIAGO RAMOS,DIVERSIFICADO,PRIVADO,URBANA,ABIERTA,MONOLINGUE,DOBLE,FIN DE SEMANA,CHIQUIMULA,2026-07-14T23:53:06+00:00,https://www.mineduc.gob.gt/BUSCAESTABLECIMIENTO_GE/,DIVERSIFICADO,TODOS,TODOS,TODOS,CHIQUIMULA,20,
20-01-0245-46,20-01-1187,CHIQUIMULA,CHIQUIMULA,"LICEO TEC, TECNOLÓGICO, EXPERIMENTAL Y CIENTÍFICO","CALZADA HÉCTOR AUGUSTO ESPAÑA BRACAMONTE, LOTE # 25 ZONA 2",58123452,KAREN SUCETH GUERRA CALDERÓN,ROSA YESSENIA PACHECO DE FRANCO,DIVERSIFICADO,PRIVADO,URBANA,ABIERTA,MONOLINGUE,MATUTINA,DIARIO(REGULAR),CHIQUIMULA,2026-07-14T23:53:06+00:00,https://www.mineduc.gob.gt/BUSCAESTABLECIMIENTO_GE/,DIVERSIFICADO,TODOS,TODOS,TODOS,CHIQUIMULA,20,
20-01-0250-46,20-030,CHIQUIMULA,CHIQUIMULA,CENTRO DE EDUCACIÓN EXTRAESCOLAR -CEEX- GRUPO CEIBA,"2DA. AVENIDA Y 5TA. CALLE ESQUINA ZONA 1, LA PILONA BARRIO LA DEMOCRACIA",47978857,VILMA ESPERANZA LOPEZ INTERIANO,DÁMARIS FABIOLA GUTIÉRREZ RAMÍREZ DE FOLGAR,DIVERSIFICADO,OFICIAL,URBANA,ABIERTA,MONOLINGUE,DOBLE,FIN DE SEMANA,CHIQUIMULA,2026-07-14T23:53:06+00:00,https://www.mineduc.gob.gt/BUSCAESTABLECIMIENTO_GE/,DIVERSIFICADO,TODOS,TODOS,TODOS,CHIQUIMULA,20,
20-01-0251-46,20-030,CHIQUIMULA,CHIQUIMULA,CENTRO DE EDUCACIÓN EXTRAESCOLAR -CEEX- COFIÑO STAHL,ALDEA EL DURAZNO,55543693,VILMA ESPERANZA LOPEZ INTERIANO,RHOBBIN ALEXANDER ESQUIVEL CÁCERES,DIVERSIFICADO,OFICIAL,RURAL,ABIERTA,MONOLINGUE,DOBLE,FIN DE SEMANA,CHIQUIMULA,2026-07-14T23:53:06+00:00,https://www.mineduc.gob.gt/BUSCAESTABLECIMIENTO_GE/,DIVERSIFICADO,TODOS,TODOS,TODOS,CHIQUIMULA,20,
20-01-0255-46,20-030,CHIQUIMULA,CHIQUIMULA,CENTRO DE EDUCACIÓN EXTRAESCOLAR -CEEX- FUNCAFE,6TA AVENIDA Y 4TA. CALLE ZONA 1,31712671,VILMA ESPERANZA LOPEZ INTERIANO,ERIKA JULISA OLIVA DUARTE,DIVERSIFICADO,OFICIAL,URBANA,ABIERTA,MONOLINGUE,DOBLE,FIN DE SEMANA,CHIQUIMULA,2026-07-14T23:53:06+00:00,https://www.mineduc.gob.gt/BUSCAESTABLECIMIENTO_GE/,DIVERSIFICADO,TODOS,TODOS,TODOS,CHIQUIMULA,20,
20-01-0256-46,20-030,CHIQUIMULA,CHIQUIMULA,PROGRAMA NACIONAL DE EDUCACIÓN ALTERNATIVA PRONEA,8VA. AVENIDA 6-60 ZONA 1,40104955,VILMA ESPERANZA LOPEZ INTERIANO,VILMA ESPERANZA LÓPEZ INTERIANO,DIVERSIFICADO,OFICIAL,URBANA,ABIERTA,MONOLINGUE,DOBLE,A DISTANCIA,CHIQUIMULA,2026-07-14T23:53:06+00:00,https://www.mineduc.gob.gt/BUSCAESTABLECIMIENTO_GE/,DIVERSIFICADO,TODOS,TODOS,TODOS,CHIQUIMULA,20,
20-01-0257-46,20-030,CHIQUIMULA,CHIQUIMULA,CENTRO DE EDUCACIÓN EXTRAESCOLAR -CEEX- DEPARTAMENTAL,8VA. AVENIDA 6-60 ZONA 1,56170043,VILMA ESPERANZA LOPEZ INTERIANO,ANGEL OSIEL BORJA PASCUAL,DIVERSIFICADO,OFICIAL,URBANA,ABIERTA,MONOLINGUE,DOBLE,SEMIPRESENCIAL,CHIQUIMULA,2026-07-14T23:53:06+00:00,https://www.mineduc.gob.gt/BUSCAESTABLECIMIENTO_GE/,DIVERSIFICADO,TODOS,TODOS,TODOS,CHIQUIMULA,20,
20-01-0309-46,20-01-1144,CHIQUIMULA,CHIQUIMULA,COLEGIO PRIVADO MIXTO BENDICIÓN,"4 CALLE A 13-25, ZONA 1",41007884,CESAR HELAMAN GARCÍA LÓPEZ,AXEL YOVANY VILLELA MONROY,DIVERSIFICADO,PRIVADO,URBANA,ABIERTA,MONOLINGUE,SIN JORNADA,SEMIPRESENCIAL (UN DÍA A LA SEMANA),CHIQUIMULA,2026-07-14T23:53:06+00:00,https://www.mineduc.gob.gt/BUSCAESTABLECIMIENTO_GE/,DIVERSIFICADO,TODOS,TODOS,TODOS,CHIQUIMULA,20,
20-01-0311-46,20-01-1148,CHIQUIMULA,CHIQUIMULA,COLEGIO EVANGÉLICO MIXTO ADONAI,8VA. AVENIDA 4-40 ZONA 1,79424111,SILVIA MARILENA BUEZO MARTÍNEZ,MERARI JASMÍN DE LEÓN CARRILLO,DIVERSIFICADO,PRIVADO,URBANA,ABIERTA,MONOLINGUE,SIN JORNADA,SEMIPRESENCIAL (UN DÍA A LA SEMANA),CHIQUIMULA,2026-07-14T23:53:06+00:00,https://www.mineduc.gob.gt/BUSCAESTABLECIMIENTO_GE/,DIVERSIFICADO,TODOS,TODOS,TODOS,CHIQUIMULA,20,
20-01-0313-46,20-01-1146,CHIQUIMULA,CHIQUIMULA,COLEGIO MIXTO EN TECNOLOGÍA LATINOAMERICANO,3RA. AVENIDA 4-49 ZONA 1,54706013,MERY ELISABET CALDERÓN CASTILLO,JAQUELINE EDITH SANTIAGO RAMOS,DIVERSIFICADO,PRIVADO,URBANA,ABIERTA,MONOLINGUE,SIN JORNADA,SEMIPRESENCIAL (UN DÍA A LA SEMANA),CHIQUIMULA,2026-07-14T23:53:06+00:00,https://www.mineduc.gob.gt/BUSCAESTABLECIMIENTO_GE/,DIVERSIFICADO,TODOS,TODOS,TODOS,CHIQUIMULA,20,
20-01-0315-46,20-01-1146,CHIQUIMULA,CHIQUIMULA,INSTITUTO TECNOLÓGICO PRIVADO DE ORIENTE,4TA. AVENIDA 4-20 ZONA 1,79421528,MERY ELISABET CALDERÓN CASTILLO,SALOMON ELIASIB ALVAREZ CORDÓN,DIVERSIFICADO,PRIVADO,URBANA,ABIERTA,MONOLINGUE,SIN JORNADA,SEMIPRESENCIAL (UN DÍA A LA SEMANA),CHIQUIMULA,2026-07-14T23:53:06+00:00,https://www.mineduc.gob.gt/BUSCAESTABLECIMIENTO_GE/,DIVERSIFICADO,TODOS,TODOS,TODOS,CHIQUIMULA,20,
20-01-0317-46,20-01-1187,CHIQUIMULA,CHIQUIMULA,COLEGIO SUPERIOR DE INFORMÁTICA HIGA,1A. CALLE 5-62 ZONA 2,53947190,KAREN SUCETH GUERRA CALDERÓN,MIGUEL ANGEL MAYORGA,DIVERSIFICADO,PRIVADO,URBANA,ABIERTA,MONOLINGUE,SIN JORNADA,SEMIPRESENCIAL (UN DÍA A LA SEMANA),CHIQUIMULA,2026-07-14T23:53:06+00:00,https://www.mineduc.gob.gt/BUSCAESTABLECIMIENTO_GE/,DIVERSIFICADO,TODOS,TODOS,TODOS,CHIQUIMULA,20,
20-01-0319-46,20-024,CHIQUIMULA,CHIQUIMULA,LICEO TECNOLÓGICO BILINGÜE CHIQUIMULTECO,6TA. CALLE 5-20 ZONA 1,79424334,SILVIA MARILENA BUEZO MARTINEZ,EDNA GRACIELA PINTO SAGASTUME,DIVERSIFICADO,PRIVADO,URBANA,CERRADA DEFINITIVAMENTE,MONOLINGUE,SIN JORNADA,SEMIPRESENCIAL (UN DÍA A LA SEMANA),CHIQUIMULA,2026-07-14T23:53:06+00:00,https://www.mineduc.gob.gt/BUSCAESTABLECIMIENTO_GE/,DIVERSIFICADO,TODOS,TODOS,TODOS,CHIQUIMULA,20,
20-01-0323-46,20-01-1187,CHIQUIMULA,CHIQUIMULA,"LICEO TEC, TECNOLÓGICO, EXPERIMENTAL Y CIENTÍFICO",CALZADA HÉCTOR AUGUSTO ESPAÑA BRACAMONTE LOTE # 25 ZONA 2,58123452,KAREN SUCETH GUERRA CALDERÓN,ROSA YESSENIA PACHECO DE FRANCO,DIVERSIFICADO,PRIVADO,URBANA,ABIERTA,MONOLINGUE,DOBLE,DIARIO(REGULAR),CHIQUIMULA,2026-07-14T23:53:06+00:00,https://www.mineduc.gob.gt/BUSCAESTABLECIMIENTO_GE/,DIVERSIFICADO,TODOS,TODOS,TODOS,CHIQUIMULA,20,
20-01-0324-46,20-01-1145,CHIQUIMULA,CHIQUIMULA,COLEGIO PRIVADO MIXTO DIVINA MISERICORDIA,"6TA. CALLE PONIENTE ZONA 4, BARRIO EL MOLINO",32542105,LUIS GUSTAVO SAGASTUME CONTRERAS,FRANCISCA LINARES RIVERA,DIVERSIFICADO,PRIVADO,URBANA,ABIERTA,MONOLINGUE,VESPERTINA,DIARIO(REGULAR),CHIQUIMULA,2026-07-14T23:53:06+00:00,https://www.mineduc.gob.gt/BUSCAESTABLECIMIENTO_GE/,DIVERSIFICADO,TODOS,TODOS,TODOS,CHIQUIMULA,20,
20-01-0325-46,20-024,CHIQUIMULA,CHIQUIMULA,LICEO TECNOLÓGICO BILINGÜE CHIQUIMULTECO,6A. CALLE 5-20 ZONA 1,79424323,SILVIA MARILENA BUEZO MARTINEZ,EDNA GRACIELA PINTO SAGASTUME,DIVERSIFICADO,PRIVADO,URBANA,CERRADA DEFINITIVAMENTE,MONOLINGUE,VESPERTINA,DIARIO(REGULAR),CHIQUIMULA,2026-07-14T23:53:06+00:00,https://www.mineduc.gob.gt/BUSCAESTABLECIMIENTO_GE/,DIVERSIFICADO,TODOS,TODOS,TODOS,CHIQUIMULA,20,
20-01-0326-46,20-01-1142,CHIQUIMULA,CHIQUIMULA,ESCUELA NORMAL INTERCULTURAL,10 AVENIDA 3-71 ZONA 1,79427427,CÉSAR ADALBERTO NOGUERA JÁCOME,WENDY MARLENY ROQUE VARGAS,DIVERSIFICADO,OFICIAL,URBANA,ABIERTA,MONOLINGUE,MATUTINA,DIARIO(REGULAR),CHIQUIMULA,2026-07-14T23:53:06+00:00,https://www.mineduc.gob.gt/BUSCAESTABLECIMIENTO_GE/,DIVERSIFICADO,TODOS,TODOS,TODOS,CHIQUIMULA,20,
20-01-0327-46,20-01-1149,CHIQUIMULA,CHIQUIMULA,INSTITUTO NORMAL PARA VARONES DE ORIENTE,6A. AVENIDA 4-10 ZONA 1,79420425,BYRON HORACIO SARCEÑO ZEPEDA,BALVINO CHACÓN PÉREZ,DIVERSIFICADO,OFICIAL,URBANA,ABIERTA,MONOLINGUE,DOBLE,DIARIO(REGULAR),CHIQUIMULA,2026-07-14T23:53:06+00:00,https://www.mineduc.gob.gt/BUSCAESTABLECIMIENTO_GE/,DIVERSIFICADO,TODOS,TODOS,TODOS,CHIQUIMULA,20,
20-01-0379-46,20-01-1149,CHIQUIMULA,CHIQUIMULA,INSTITUTO NACIONAL DE EDUCACIÓN DIVERSIFICADA,ALDEA MARAXCO,45496201,BYRON HORACIO SARCEÑO ZEPEDA,RAFAEL MANRIQUE CORDERO HERNÁNDEZ,DIVERSIFICADO,OFICIAL,RURAL,ABIERTA,MONOLINGUE,VESPERTINA,DIARIO(REGULAR),CHIQUIMULA,2026-07-14T23:53:06+00:00,https://www.mineduc.gob.gt/BUSCAESTABLECIMIENTO_GE/,DIVERSIFICADO,TODOS,TODOS,TODOS,CHIQUIMULA,20,
20-01-0380-46,20-01-1149,CHIQUIMULA,CHIQUIMULA,INSTITUTO NACIONAL DE EDUCACIÓN DIVERSIFICADA,ALDEA EL PALMAR,30091988,BYRON HORACIO SARCEÑO ZEPEDA,YOSELIN SARAHÍ SOLÓRZANO CORDERO,DIVERSIFICADO,OFICIAL,RURAL,ABIERTA,MONOLINGUE,VESPERTINA,DIARIO(REGULAR),CHIQUIMULA,2026-07-14T23:53:06+00:00,https://www.mineduc.gob.gt/BUSCAESTABLECIMIENTO_GE/,DIVERSIFICADO,TODOS,TODOS,TODOS,CHIQUIMULA,20,
20-01-0465-46,20-027,CHIQUIMULA,CHIQUIMULA,INSTITUTO DE BACHILLERATO POR MADUREZ SUPERACIÓN,2A. CALLE 4-40 ZONA 1,79427446,SILVIA MARILENA BUEZO MARTINEZ,OSCAR LEONEL PAIZ DEL CID,DIVERSIFICADO,PRIVADO,URBANA,CERRADA DEFINITIVAMENTE,MONOLINGUE,DOBLE,FIN DE SEMANA,CHIQUIMULA,2026-07-14T23:53:06+00:00,https://www.mineduc.gob.gt/BUSCAESTABLECIMIENTO_GE/,DIVERSIFICADO,TODOS,TODOS,TODOS,CHIQUIMULA,20,
20-01-0490-46,20-027,CHIQUIMULA,CHIQUIMULA,ESCUELA NORMAL PARA MAESTRAS DE PARVULOS DEL ORIENTE,4A CALLE 13-25 ZONA 1,79420373,SILVIA MARILENA BUEZO MARTINEZ,BERTA GLADYS BRENES HERNÁNDEZ,DIVERSIFICADO,PRIVADO,URBANA,CERRADA DEFINITIVAMENTE,MONOLINGUE,VESPERTINA,DIARIO(REGULAR),CHIQUIMULA,2026-07-14T23:53:06+00:00,https://www.mineduc.gob.gt/BUSCAESTABLECIMIENTO_GE/,DIVERSIFICADO,TODOS,TODOS,TODOS,CHIQUIMULA,20,
20-01-1037-46,20-027,CHIQUIMULA,CHIQUIMULA,COLEGIO INTERNACIONAL AMERICANO EN TURISMO,CALZADA HECTOR AUGUSTO ESPAÑA BRACAMONTE LOTE 25 ZONA 2,79426242,SILVIA MARILENA BUEZO MARTINEZ,BELSI NOEMÍ MORALES ALONZO,DIVERSIFICADO,PRIVADO,URBANA,CERRADA DEFINITIVAMENTE,MONOLINGUE,MATUTINA,DIARIO(REGULAR),CHIQUIMULA,2026-07-14T23:53:06+00:00,https://www.mineduc.gob.gt/BUSCAESTABLECIMIENTO_GE/,DIVERSIFICADO,TODOS,TODOS,TODOS,CHIQUIMULA,20,
20-01-1308-46,20-024,CHIQUIMULA,CHIQUIMULA,COMPLEJO EDUCATIVO EXPERIMENTAL DE ORIENTE ATULAPA,KM. 172 CARRETERA A ESQUIPULAS,79420613,SILVIA MARILENA BUEZO MARTINEZ,,DIVERSIFICADO,OFICIAL,RURAL,CERRADA TEMPORALMENTE,MONOLINGUE,MATUTINA,DIARIO(REGULAR),CHIQUIMULA,2026-07-14T23:53:06+00:00,https://www.mineduc.gob.gt/BUSCAESTABLECIMIENTO_GE/,DIVERSIFICADO,TODOS,TODOS,TODOS,CHIQUIMULA,20,
20-01-1545-46,20-024,CHIQUIMULA,CHIQUIMULA,COLEGIO EVANGELICO MIXTO ADONAI,8A. AVENIDA 4-40 ZONA 1,24705632,SILVIA MARILENA BUEZO MARTINEZ,MARIELA ANAISABEL MONROY VILLELA,DIVERSIFICADO,PRIVADO,URBANA,CERRADA DEFINITIVAMENTE,MONOLINGUE,VESPERTINA,DIARIO(REGULAR),CHIQUIMULA,2026-07-14T23:53:06+00:00,https://www.mineduc.gob.gt/BUSCAESTABLECIMIENTO_GE/,DIVERSIFICADO,TODOS,TODOS,TODOS,CHIQUIMULA,20,
20-01-1613-46,20-01-1187,CHIQUIMULA,CHIQUIMULA,COLEGIO SUPERIOR DE INFORMATICA HIGA,1A. CALLE 5-61 ZONA 2,30631989,KAREN SUCETH GUERRA CALDERÓN,MIGUEL ANGEL MAYORGA,DIVERSIFICADO,PRIVADO,URBANA,ABIERTA,MONOLINGUE,MATUTINA,DIARIO(REGULAR),CHIQUIMULA,2026-07-14T23:53:06+00:00,https://www.mineduc.gob.gt/BUSCAESTABLECIMIENTO_GE/,DIVERSIFICADO,TODOS,TODOS,TODOS,CHIQUIMULA,20,
20-01-1615-46,20-027,CHIQUIMULA,CHIQUIMULA,COLEGIO SUPERIOR DE INFORMATICA HIGA,1A. CALLE 5-61 ZONA 2,44043628,SILVIA MARILENA BUEZO MARTINEZ,KOKMAN ANGEL CHANG BARELA,DIVERSIFICADO,PRIVADO,URBANA,CERRADA DEFINITIVAMENTE,MONOLINGUE,VESPERTINA,DIARIO(REGULAR),CHIQUIMULA,2026-07-14T23:53:06+00:00,https://www.mineduc.gob.gt/BUSCAESTABLECIMIENTO_GE/,DIVERSIFICADO,TODOS,TODOS,TODOS,CHIQUIMULA,20,
20-01-1661-46,,CHIQUIMULA,CHIQUIMULA,ESCUELA SECUNDARIA DE ORIENTE 'ESDEO',2A. CALLE 4-40 ZONA 1,79420290,,,DIVERSIFICADO,PRIVADO,URBANA,CERRADA TEMPORALMENTE,MONOLINGUE,NOCTURNA,DIARIO(REGULAR),CHIQUIMULA,2026-07-14T23:53:06+00:00,https://www.mineduc.gob.gt/BUSCAESTABLECIMIENTO_GE/,DIVERSIFICADO,TODOS,TODOS,TODOS,CHIQUIMULA,20,
20-01-1749-46,25-000,CHIQUIMULA,CHIQUIMULA,INSTITUTO GUATEMALTECO DE EDUCACION RADIOFONICA (IGER),CHIQUIMULA,,SONIA HAYDEE REYES MONTERROSO,,DIVERSIFICADO,PRIVADO,URBANA,CERRADA TEMPORALMENTE,MONOLINGUE,MATUTINA,A DISTANCIA,CHIQUIMULA,2026-07-14T23:53:06+00:00,https://www.mineduc.gob.gt/BUSCAESTABLECIMIENTO_GE/,DIVERSIFICADO,TODOS,TODOS,TODOS,CHIQUIMULA,20,
20-01-1788-46,,CHIQUIMULA,CHIQUIMULA,INSTITUTO BASICO POR COOPERATIVA DE ENSEÑANZA CON ORIENTACION EN COMPUTACION,SUSHO ABAJO ZONA 7,,,,DIVERSIFICADO,COOPERATIVA,URBANA,CERRADA DEFINITIVAMENTE,MONOLINGUE,VESPERTINA,DIARIO(REGULAR),CHIQUIMULA,2026-07-14T23:53:06+00:00,https://www.mineduc.gob.gt/BUSCAESTABLECIMIENTO_GE/,DIVERSIFICADO,TODOS,TODOS,TODOS,CHIQUIMULA,20,
20-01-1846-46,20-01-1142,CHIQUIMULA,CHIQUIMULA,ESCUELA NORMAL INTERCULTURAL,10A. AVENIDA 3-71 ZONA 1,79427427,CÉSAR ADALBERTO NOGUERA JÁCOME,WENDY MARLENY ROQUE VARGAS,DIVERSIFICADO,OFICIAL,URBANA,ABIERTA,MONOLINGUE,DOBLE,DIARIO(REGULAR),CHIQUIMULA,2026-07-14T23:53:06+00:00,https://www.mineduc.gob.gt/BUSCAESTABLECIMIENTO_GE/,DIVERSIFICADO,TODOS,TODOS,TODOS,CHIQUIMULA,20,
20-01-1848-46,,CHIQUIMULA,CHIQUIMULA,ESCUELA NORMAL INFANTIL INTERCULTURAL DE CHIQUIMULA,,,,,DIVERSIFICADO,OFICIAL,URBANA,CERRADA DEFINITIVAMENTE,BILINGUE,DOBLE,DIARIO(REGULAR),CHIQUIMULA,2026-07-14T23:53:06+00:00,https://www.mineduc.gob.gt/BUSCAESTABLECIMIENTO_GE/,DIVERSIFICADO,TODOS,TODOS,TODOS,CHIQUIMULA,20,
20-01-1886-46,20-027,CHIQUIMULA,CHIQUIMULA,LICEO 'JUVENIL',"4A, CALLE 3-50 ZONA 1",79420062,SILVIA MARILENA BUEZO MARTINEZ,-,DIVERSIFICADO,PRIVADO,URBANA,CERRADA TEMPORALMENTE,MONOLINGUE,MATUTINA,DIARIO(REGULAR),CHIQUIMULA,2026-07-14T23:53:06+00:00,https://www.mineduc.gob.gt/BUSCAESTABLECIMIENTO_GE/,DIVERSIFICADO,TODOS,TODOS,TODOS,CHIQUIMULA,20,
20-01-2089-46,20-01-1148,CHIQUIMULA,CHIQUIMULA,COLEGIO EVANGELICO MIXTO ADONAI,8A. AVENIDA 4-40 ZONA 1,79424111,SILVIA MARILENA BUEZO MARTÍNEZ,MERARI JASMÍN DE LEÓN CARRILLO,DIVERSIFICADO,PRIVADO,URBANA,ABIERTA,MONOLINGUE,MATUTINA,DIARIO(REGULAR),CHIQUIMULA,2026-07-14T23:53:06+00:00,https://www.mineduc.gob.gt/BUSCAESTABLECIMIENTO_GE/,DIVERSIFICADO,TODOS,TODOS,TODOS,CHIQUIMULA,20,
20-01-2341-46,20-024,CHIQUIMULA,CHIQUIMULA,COLEGIO PRIVADO MIXTO BENDICION,4A. CALLE A 13-25 ZONA 1,41007884,SILVIA MARILENA BUEZO MARTINEZ,AXEL YOVANY VILLELA MONROY,DIVERSIFICADO,PRIVADO,URBANA,CERRADA DEFINITIVAMENTE,MONOLINGUE,DOBLE,FIN DE SEMANA,CHIQUIMULA,2026-07-14T23:53:06+00:00,https://www.mineduc.gob.gt/BUSCAESTABLECIMIENTO_GE/,DIVERSIFICADO,TODOS,TODOS,TODOS,CHIQUIMULA,20,
20-01-2349-46,20-027,CHIQUIMULA,CHIQUIMULA,LICEO TECNOCIENCIA BILINGUE DE CHIQUIMULA,4A. CALLE 9-30 ZONA 1,59352245-79438029,SILVIA MARILENA BUEZO MARTINEZ,,DIVERSIFICADO,PRIVADO,URBANA,CERRADA TEMPORALMENTE,MONOLINGUE,DOBLE,FIN DE SEMANA,CHIQUIMULA,2026-07-14T23:53:06+00:00,https://www.mineduc.gob.gt/BUSCAESTABLECIMIENTO_GE/,DIVERSIFICADO,TODOS,TODOS,TODOS,CHIQUIMULA,20,
20-01-2351-46,20-027,CHIQUIMULA,CHIQUIMULA,LICEO TECNOCIENCIA BILINGUE DE CHIQUIMULA,4A. CALLE 9-30 ZONA 1,79438419,SILVIA MARILENA BUEZO MARTINEZ,,DIVERSIFICADO,PRIVADO,URBANA,CERRADA TEMPORALMENTE,MONOLINGUE,DOBLE,FIN DE SEMANA,CHIQUIMULA,2026-07-14T23:53:06+00:00,https://www.mineduc.gob.gt/BUSCAESTABLECIMIENTO_GE/,DIVERSIFICADO,TODOS,TODOS,TODOS,CHIQUIMULA,20,
20-01-2352-46,20-027,CHIQUIMULA,CHIQUIMULA,LICEO TECNOCIENCIA BILINGUE DE CHIQUIMULA,4A. CALLE 9-30 ZONA 1,59352245-79438029,SILVIA MARILENA BUEZO MARTINEZ,,DIVERSIFICADO,PRIVADO,URBANA,CERRADA TEMPORALMENTE,MONOLINGUE,VESPERTINA,DIARIO(REGULAR),CHIQUIMULA,2026-07-14T23:53:06+00:00,https://www.mineduc.gob.gt/BUSCAESTABLECIMIENTO_GE/,DIVERSIFICADO,TODOS,TODOS,TODOS,CHIQUIMULA,20,
20-01-2353-46,20-027,CHIQUIMULA,CHIQUIMULA,LICEO TECNOCIENCIA BILINGUE DE CHIQUIMULA,4A. CALLE 9-30 ZONA 1,79438419,SILVIA MARILENA BUEZO MARTINEZ,,DIVERSIFICADO,PRIVADO,URBANA,CERRADA TEMPORALMENTE,MONOLINGUE,MATUTINA,DIARIO(REGULAR),CHIQUIMULA,2026-07-14T23:53:06+00:00,https://www.mineduc.gob.gt/BUSCAESTABLECIMIENTO_GE/,DIVERSIFICADO,TODOS,TODOS,TODOS,CHIQUIMULA,20,
20-01-2367-46,20-024,CHIQUIMULA,CHIQUIMULA,COLEGIO ADVENTISTA AMANECER,4A. CALLE 9-81 ZONA 1,79423112,SILVIA MARILENA BUEZO MARTINEZ,,DIVERSIFICADO,PRIVADO,URBANA,CERRADA TEMPORALMENTE,MONOLINGUE,VESPERTINA,DIARIO(REGULAR),CHIQUIMULA,2026-07-14T23:53:06+00:00,https://www.mineduc.gob.gt/BUSCAESTABLECIMIENTO_GE/,DIVERSIFICADO,TODOS,TODOS,TODOS,CHIQUIMULA,20,
20-01-2378-46,20-027,CHIQUIMULA,CHIQUIMULA,INSTITUTO TECNOLOGICO PRIVADO DE ORIENTE,4A. AV. 4-20 ZONA 1 CHIQUIMULA,79425959,SILVIA MARILENA BUEZO MARTINEZ,SALOMON ELIASIB ALVAREZ CORDÓN,DIVERSIFICADO,PRIVADO,URBANA,CERRADA DEFINITIVAMENTE,MONOLINGUE,DOBLE,FIN DE SEMANA,CHIQUIMULA,2026-07-14T23:53:06+00:00,https://www.mineduc.gob.gt/BUSCAESTABLECIMIENTO_GE/,DIVERSIFICADO,TODOS,TODOS,TODOS,CHIQUIMULA,20,
20-02-0006-46,20-039,CHIQUIMULA,SAN JOSE LA ARADA,COLEGIO PRIVADO MIXTO JOSEFINO,BARRIO NUEVO,79437285,EDGAR ANIBAL MENENDEZ VELASQUEZ,HEBER MERARY ECHEVERRIA CASTAÑEDA,DIVERSIFICADO,PRIVADO,URBANA,CERRADA TEMPORALMENTE,MONOLINGUE,DOBLE,FIN DE SEMANA,CHIQUIMULA,2026-07-14T23:53:06+00:00,https://www.mineduc.gob.gt/BUSCAESTABLECIMIENTO_GE/,DIVERSIFICADO,TODOS,TODOS,TODOS,CHIQUIMULA,20,
20-02-0010-46,20-02-1150,CHIQUIMULA,SAN JOSE LA ARADA,INSTITUTO MIXTO DE EDUCACION DIVERSIFICADA POR COOPERATIVA DE ENSEÑANZA,COLONIA LAS BRISAS,51309580,EDGAR ANÍBAL MENÉNDEZ VELÁSQUEZ,LUDEK ABDEL ROSALES ESQUIVEL,DIVERSIFICADO,COOPERATIVA,URBANA,ABIERTA,MONOLINGUE,VESPERTINA,DIARIO(REGULAR),CHIQUIMULA,2026-07-14T23:53:06+00:00,https://www.mineduc.gob.gt/BUSCAESTABLECIMIENTO_GE/,DIVERSIFICADO,TODOS,TODOS,TODOS,CHIQUIMULA,20,
20-02-0012-46,20-030,CHIQUIMULA,SAN JOSE LA ARADA,CENTRO DE EDUCACIÓN EXTRAESCOLAR -CEEX- FUNCAFE,ALDEA SASPÁN,42580713,VILMA ESPERANZA LOPEZ INTERIANO,KATHLEEN GUEYLIN SAGASTUME GUERRA,DIVERSIFICADO,OFICIAL,RURAL,ABIERTA,MONOLINGUE,DOBLE,FIN DE SEMANA,CHIQUIMULA,2026-07-14T23:53:06+00:00,https://www.mineduc.gob.gt/BUSCAESTABLECIMIENTO_GE/,DIVERSIFICADO,TODOS,TODOS,TODOS,CHIQUIMULA,20,
20-02-2172-46,20-002,CHIQUIMULA,SAN JOSE LA ARADA,COLEGIO PRIVADO MIXTO JOSEFINO,BARRIO NUEVO SAN JOSE LA ARADA,79437285,JUAN ABEL MORAN SOSA,,DIVERSIFICADO,PRIVADO,URBANA,CERRADA TEMPORALMENTE,MONOLINGUE,MATUTINA,DIARIO(REGULAR),CHIQUIMULA,2026-07-14T23:53:06+00:00,https://www.mineduc.gob.gt/BUSCAESTABLECIMIENTO_GE/,DIVERSIFICADO,TODOS,TODOS,TODOS,CHIQUIMULA,20,
20-03-0001-46,20-03-1151,CHIQUIMULA,SAN JUAN ERMITA,INSTITUTO DIVERSIFICADO MUNICIPAL DE SAN JUAN ERMITA,BARRIO SAN PEDRITO,51989697,GUSTAVO BORJA OSORIO,HENRY ARTURO JORDÁN GUERRA,DIVERSIFICADO,MUNICIPAL,URBANA,ABIERTA,MONOLINGUE,VESPERTINA,DIARIO(REGULAR),CHIQUIMULA,2026-07-14T23:53:06+00:00,https://www.mineduc.gob.gt/BUSCAESTABLECIMIENTO_GE/,DIVERSIFICADO,TODOS,TODOS,TODOS,CHIQUIMULA,20,
20-03-0035-46,20-030,CHIQUIMULA,SAN JUAN ERMITA,CENTRO DE EDUCACIÓN EXTRAESCOLAR -CEEX- FUNCAFE,ALDEA CHISPÁN JARAL,33874323,VILMA ESPERANZA LOPEZ INTERIANO,EDRAS JEREMÍAS GUERRA ALONZO,DIVERSIFICADO,OFICIAL,RURAL,ABIERTA,MONOLINGUE,DOBLE,FIN DE SEMANA,CHIQUIMULA,2026-07-14T23:53:06+00:00,https://www.mineduc.gob.gt/BUSCAESTABLECIMIENTO_GE/,DIVERSIFICADO,TODOS,TODOS,TODOS,CHIQUIMULA,20,
20-03-0073-46,20-03-1151,CHIQUIMULA,SAN JUAN ERMITA,INSTITUTO NACIONAL DE EDUCACIÓN DIVERSIFICADA,BARRIO SAN PEDRITO,45831161,GUSTAVO BORJA OSORIO,FIDIAS ROBERTO MONROY LEMUS,DIVERSIFICADO,OFICIAL,URBANA,ABIERTA,MONOLINGUE,VESPERTINA,DIARIO(REGULAR),CHIQUIMULA,2026-07-14T23:53:06+00:00,https://www.mineduc.gob.gt/BUSCAESTABLECIMIENTO_GE/,DIVERSIFICADO,TODOS,TODOS,TODOS,CHIQUIMULA,20,
20-03-0075-46,20-03-1188,CHIQUIMULA,SAN JUAN ERMITA,INSTITUTO NACIONAL DE EDUCACIÓN DIVERSIFICADA,ALDEA LOS ENCUENTROS,51692993,KARLA AZUCENA MÉNDEZ LÓPEZ DE RAMÍREZ,ENIO ADIL COBÓN JORDÁN,DIVERSIFICADO,OFICIAL,RURAL,ABIERTA,MONOLINGUE,VESPERTINA,DIARIO(REGULAR),CHIQUIMULA,2026-07-14T23:53:06+00:00,https://www.mineduc.gob.gt/BUSCAESTABLECIMIENTO_GE/,DIVERSIFICADO,TODOS,TODOS,TODOS,CHIQUIMULA,20,
20-03-0076-46,20-03-1152,CHIQUIMULA,SAN JUAN ERMITA,INSTITUTO NACIONAL DE EDUCACIÓN DIVERSIFICADA,BARRIO LA ESCUELA,46999895,BLANCA ROSA MORALES MARTÍNEZ DE GUTIÉRREZ,MIRNA LORENA LÓPEZ LATÍN,DIVERSIFICADO,OFICIAL,URBANA,ABIERTA,MONOLINGUE,VESPERTINA,DIARIO(REGULAR),CHIQUIMULA,2026-07-14T23:53:06+00:00,https://www.mineduc.gob.gt/BUSCAESTABLECIMIENTO_GE/,DIVERSIFICADO,TODOS,TODOS,TODOS,CHIQUIMULA,20,
20-04-0001-46,20-043,CHIQUIMULA,JOCOTAN,COLEGIO PRIVADO MIXTO POR MADUREZ VISION 2008,BARRIO SAN SEBASTIAN,30147664,JULIO CESAR CAGUAY GUTIERRES,JORGE ALBERTO MONROY,DIVERSIFICADO,PRIVADO,URBANA,CERRADA DEFINITIVAMENTE,MONOLINGUE,DOBLE,FIN DE SEMANA,CHIQUIMULA,2026-07-14T23:53:06+00:00,https://www.mineduc.gob.gt/BUSCAESTABLECIMIENTO_GE/,DIVERSIFICADO,TODOS,TODOS,TODOS,CHIQUIMULA,20,
20-04-0065-46,20-04-1153,CHIQUIMULA,JOCOTAN,COLEGIO CENTRO CULTURAL CAMPO REAL,BARRIO SAN LORENZO,79465751,SERGIO ESTUARDO MEDINA GUDIEL,GLORIA ESTELA GUERRA GUTIÉRREZ,DIVERSIFICADO,PRIVADO,URBANA,ABIERTA,MONOLINGUE,VESPERTINA,DIARIO(REGULAR),CHIQUIMULA,2026-07-14T23:53:06+00:00,https://www.mineduc.gob.gt/BUSCAESTABLECIMIENTO_GE/,DIVERSIFICADO,TODOS,TODOS,TODOS,CHIQUIMULA,20,
20-04-0069-46,20-004,CHIQUIMULA,JOCOTAN,COLEGIO CENTRO CULTURAL CAMPO REAL,BARRIO SAN LORENZO,76465604,SERGIO ESTUARDO MEDINA GUDIEL,---,DIVERSIFICADO,PRIVADO,URBANA,CERRADA DEFINITIVAMENTE,MONOLINGUE,DOBLE,FIN DE SEMANA,CHIQUIMULA,2026-07-14T23:53:06+00:00,https://www.mineduc.gob.gt/BUSCAESTABLECIMIENTO_GE/,DIVERSIFICADO,TODOS,TODOS,TODOS,CHIQUIMULA,20,
20-04-0073-46,20-004,CHIQUIMULA,JOCOTAN,INSTITUTO NACIONAL DE EDUCACION DIVERSIFICADA,BARRIO SAN SEBASTIAN,,SERGIO ESTUARDO MEDINA GUDIEL,---,DIVERSIFICADO,OFICIAL,URBANA,CERRADA TEMPORALMENTE,MONOLINGUE,VESPERTINA,DIARIO(REGULAR),CHIQUIMULA,2026-07-14T23:53:06+00:00,https://www.mineduc.gob.gt/BUSCAESTABLECIMIENTO_GE/,DIVERSIFICADO,TODOS,TODOS,TODOS,CHIQUIMULA,20,
20-04-0097-46,20-04-1153,CHIQUIMULA,JOCOTAN,INSTITUTO TECNOLÓGICO OFICIAL DE LA MANCOMUNIDAD CH´ORTI´,BARRIO SAN LORENZO,79465395,SERGIO ESTUARDO MEDINA GUDIEL,MILNER CLAUDINO GARCIA GARCIA,DIVERSIFICADO,OFICIAL,URBANA,ABIERTA,MONOLINGUE,MATUTINA,DIARIO(REGULAR),CHIQUIMULA,2026-07-14T23:53:06+00:00,https://www.mineduc.gob.gt/BUSCAESTABLECIMIENTO_GE/,DIVERSIFICADO,TODOS,TODOS,TODOS,CHIQUIMULA,20,
20-04-0100-46,20-004,CHIQUIMULA,JOCOTAN,COLEGIO MIXTO DIVERSIFICADO,"CASERÍO PINALITO, ALDEA SUCHIQUER",,SERGIO ESTUARDO MEDINA GUDIEL,BYRON ADOLFO MENDEZ GARCIA,DIVERSIFICADO,PRIVADO,RURAL,CERRADA TEMPORALMENTE,MONOLINGUE,VESPERTINA,DIARIO(REGULAR),CHIQUIMULA,2026-07-14T23:53:06+00:00,https://www.mineduc.gob.gt/BUSCAESTABLECIMIENTO_GE/,DIVERSIFICADO,TODOS,TODOS,TODOS,CHIQUIMULA,20,
20-04-0104-46,20-04-1153,CHIQUIMULA,JOCOTAN,COLEGIO PRIVADO MIXTO POR MADUREZ VISION 2008,BARRIO SAN SEBASTIAN,79465220,SERGIO ESTUARDO MEDINA GUDIEL,JORGE ALBERTO MONROY,DIVERSIFICADO,PRIVADO,URBANA,ABIERTA,MONOLINGUE,DOBLE,FIN DE SEMANA,CHIQUIMULA,2026-07-14T23:53:06+00:00,https://www.mineduc.gob.gt/BUSCAESTABLECIMIENTO_GE/,DIVERSIFICADO,TODOS,TODOS,TODOS,CHIQUIMULA,20,
20-04-0105-46,20-04-1153,CHIQUIMULA,JOCOTAN,COLEGIO PRIVADO MIXTO POR MADUREZ VISION 2008,BARRIO SAN SEBASTIAN,79465220,SERGIO ESTUARDO MEDINA GUDIEL,JORGE ALBERTO MONROY,DIVERSIFICADO,PRIVADO,URBANA,ABIERTA,MONOLINGUE,MATUTINA,DIARIO(REGULAR),CHIQUIMULA,2026-07-14T23:53:06+00:00,https://www.mineduc.gob.gt/BUSCAESTABLECIMIENTO_GE/,DIVERSIFICADO,TODOS,TODOS,TODOS,CHIQUIMULA,20,
20-04-0110-46,20-04-1153,CHIQUIMULA,JOCOTAN,CENTRO EDUCATIVO JOCOTECO BILINGÜE,BARRIO EL CEMENTERIO,47894195,SERGIO ESTUARDO MEDINA GUDIEL,SILDY ZULEMA PELAEZ,DIVERSIFICADO,PRIVADO,URBANA,ABIERTA,MONOLINGUE,VESPERTINA,DIARIO(REGULAR),CHIQUIMULA,2026-07-14T23:53:06+00:00,https://www.mineduc.gob.gt/BUSCAESTABLECIMIENTO_GE/,DIVERSIFICADO,TODOS,TODOS,TODOS,CHIQUIMULA,20,
20-04-0130-46,20-015,CHIQUIMULA,JOCOTAN,COLEGIO PRIVADO MIXTO MONTESSORI,"6TA. AVENIDA 6-99 ZONA 1, BARRIO SAN LORENZO",79431270,LANDELINO CRUZ GARCIA,MILAGRO DE JESÚS ACEVEDO DE RECINOS,DIVERSIFICADO,PRIVADO,URBANA,CERRADA DEFINITIVAMENTE,MONOLINGUE,DOBLE,DIARIO(REGULAR),CHIQUIMULA,2026-07-14T23:53:06+00:00,https://www.mineduc.gob.gt/BUSCAESTABLECIMIENTO_GE/,DIVERSIFICADO,TODOS,TODOS,TODOS,CHIQUIMULA,20,
20-04-0131-46,20-04-1153,CHIQUIMULA,JOCOTAN,COLEGIO CENTRO CULTURAL CAMPO REAL,BARRIO SAN LORENZO,79465751,SERGIO ESTUARDO MEDINA GUDIEL,GLORIA ESTELA GUERRA GUTIÉRREZ,DIVERSIFICADO,PRIVADO,URBANA,ABIERTA,MONOLINGUE,DOBLE,DIARIO(REGULAR),CHIQUIMULA,2026-07-14T23:53:06+00:00,https://www.mineduc.gob.gt/BUSCAESTABLECIMIENTO_GE/,DIVERSIFICADO,TODOS,TODOS,TODOS,CHIQUIMULA,20,
20-04-0132-46,20-04-1158,CHIQUIMULA,JOCOTAN,INSTITUTO PRIVADO MIXTO DE EDUCACIÓN BÁSICA CON ORIENTACIÓN OCUPACIONAL FE Y ALEGRÍA NO. 10 SANTA MARÍA,BARRIO SAN SEBASTIÁN,79465237,ORLANDO ANSELMO CAGUAY DÍAZ,VIVECA ELEONORA MONROY ALVAREZ,DIVERSIFICADO,PRIVADO,URBANA,ABIERTA,MONOLINGUE,VESPERTINA,DIARIO(REGULAR),CHIQUIMULA,2026-07-14T23:53:06+00:00,https://www.mineduc.gob.gt/BUSCAESTABLECIMIENTO_GE/,DIVERSIFICADO,TODOS,TODOS,TODOS,CHIQUIMULA,20,
20-04-0134-46,20-04-1153,CHIQUIMULA,JOCOTAN,COLEGIO CENTRO CULTURAL CAMPO REAL,BARRIO SAN LORENZO,79465751,SERGIO ESTUARDO MEDINA GUDIEL,GLORIA ESTELA GUERRA GUTIÉRREZ,DIVERSIFICADO,PRIVADO,URBANA,ABIERTA,MONOLINGUE,DOBLE,FIN DE SEMANA,CHIQUIMULA,2026-07-14T23:53:06+00:00,https://www.mineduc.gob.gt/BUSCAESTABLECIMIENTO_GE/,DIVERSIFICADO,TODOS,TODOS,TODOS,CHIQUIMULA,20,
20-04-0135-46,20-004,CHIQUIMULA,JOCOTAN,COLEGIO CENTRO CULTURAL CAMPO REAL,BARRIO SAN LORENZO,79465751,SERGIO ESTUARDO MEDINA GUDIEL,GLORIA ESTELA GUERRA GUTIÉRREZ,DIVERSIFICADO,PRIVADO,URBANA,CERRADA DEFINITIVAMENTE,MONOLINGUE,DOBLE,FIN DE SEMANA,CHIQUIMULA,2026-07-14T23:53:06+00:00,https://www.mineduc.gob.gt/BUSCAESTABLECIMIENTO_GE/,DIVERSIFICADO,TODOS,TODOS,TODOS,CHIQUIMULA,20,
20-04-0136-46,20-04-1153,CHIQUIMULA,JOCOTAN,COLEGIO PRIVADO EL OLAM,BARRIO EL CEMENTERIO,79465453,SERGIO ESTUARDO MEDINA GUDIEL,LINDAYK GICELENA CASTELLÓN NUFIO,DIVERSIFICADO,PRIVADO,URBANA,ABIERTA,MONOLINGUE,VESPERTINA,DIARIO(REGULAR),CHIQUIMULA,2026-07-14T23:53:06+00:00,https://www.mineduc.gob.gt/BUSCAESTABLECIMIENTO_GE/,DIVERSIFICADO,TODOS,TODOS,TODOS,CHIQUIMULA,20,
20-04-0137-46,20-030,CHIQUIMULA,JOCOTAN,CENTRO DE EDUCACIÓN EXTRAESCOLAR -CEEX- FUNCAFE,"CASERÍO TIERRA BLANCA, ALDEA LOS VADOS",33874323,VILMA ESPERANZA LOPEZ INTERIANO,NOHEMÍ ELIZABETH GARCÍA GUZMÁN,DIVERSIFICADO,OFICIAL,RURAL,ABIERTA,MONOLINGUE,DOBLE,FIN DE SEMANA,CHIQUIMULA,2026-07-14T23:53:06+00:00,https://www.mineduc.gob.gt/BUSCAESTABLECIMIENTO_GE/,DIVERSIFICADO,TODOS,TODOS,TODOS,CHIQUIMULA,20,
20-04-0138-46,20-004,CHIQUIMULA,JOCOTAN,"COLEGIO PRIVADO INTERACTIVO ""KEDUSHÁH""",BARRIO EL CEMENTERIO,79334442,SERGIO ESTUARDO MEDINA GUDIEL,NOHEMÍ ELIZABETH GARCÍA GUZMÁN,DIVERSIFICADO,PRIVADO,URBANA,CERRADA DEFINITIVAMENTE,MONOLINGUE,DOBLE,FIN DE SEMANA,CHIQUIMULA,2026-07-14T23:53:06+00:00,https://www.mineduc.gob.gt/BUSCAESTABLECIMIENTO_GE/,DIVERSIFICADO,TODOS,TODOS,TODOS,CHIQUIMULA,20,
20-04-0197-46,20-04-1153,CHIQUIMULA,JOCOTAN,LICEO VICENTE CARRANZA LEMUS,BARRIO SAN SEBASTIÁN BOULEVARD AL MAESTRO,59094455,SERGIO ESTUARDO MEDINA GUDIEL,IRENE LISSETH VANEGAS CASTAÑEDA,DIVERSIFICADO,PRIVADO,URBANA,ABIERTA,MONOLINGUE,VESPERTINA,DIARIO(REGULAR),CHIQUIMULA,2026-07-14T23:53:06+00:00,https://www.mineduc.gob.gt/BUSCAESTABLECIMIENTO_GE/,DIVERSIFICADO,TODOS,TODOS,TODOS,CHIQUIMULA,20,
20-04-0210-46,20-030,CHIQUIMULA,JOCOTAN,CENTRO DE EDUCACIÓN EXTRAESCOLAR -CEEX- MUNICIPAL,ALDEA MATAZANO,33360297,VILMA ESPERANZA LOPEZ INTERIANO,LUZ AMANDA RAMÍREZ RAMÍREZ,DIVERSIFICADO,OFICIAL,RURAL,ABIERTA,MONOLINGUE,DOBLE,SEMIPRESENCIAL,CHIQUIMULA,2026-07-14T23:53:06+00:00,https://www.mineduc.gob.gt/BUSCAESTABLECIMIENTO_GE/,DIVERSIFICADO,TODOS,TODOS,TODOS,CHIQUIMULA,20,
20-04-0211-46,20-030,CHIQUIMULA,JOCOTAN,CENTRO DE EDUCACIÓN EXTRAESCOLAR -CEEX- MUNICIPAL,ALDEA GUARERUCHE,47828101,VILMA ESPERANZA LOPEZ INTERIANO,MARÍA VICTORIA GERÓNIMO ESCALANTE DE MÉNDEZ,DIVERSIFICADO,OFICIAL,RURAL,ABIERTA,MONOLINGUE,DOBLE,SEMIPRESENCIAL,CHIQUIMULA,2026-07-14T23:53:06+00:00,https://www.mineduc.gob.gt/BUSCAESTABLECIMIENTO_GE/,DIVERSIFICADO,TODOS,TODOS,TODOS,CHIQUIMULA,20,
20-04-0212-46,20-030,CHIQUIMULA,JOCOTAN,CENTRO DE EDUCACIÓN EXTRAESCOLAR -CEEX- MUNICIPAL,ALDEA TONTOLES,38542069,VILMA ESPERANZA LOPEZ INTERIANO,ANGELICA LUCIA MÉNDEZ ESQUIVEL,DIVERSIFICADO,OFICIAL,RURAL,ABIERTA,MONOLINGUE,DOBLE,SEMIPRESENCIAL,CHIQUIMULA,2026-07-14T23:53:06+00:00,https://www.mineduc.gob.gt/BUSCAESTABLECIMIENTO_GE/,DIVERSIFICADO,TODOS,TODOS,TODOS,CHIQUIMULA,20,
20-04-0213-46,20-030,CHIQUIMULA,JOCOTAN,"CENTRO DE EDUCACIÓN EXTRAESCOLAR, MUNICIPAL, -CEEX-","CASERÍO MAGUEYAL, ALDEA PACRÉN",45421031,VILMA ESPERANZA LOPEZ INTERIANO,WENDY DÍAZ PÉREZ,DIVERSIFICADO,OFICIAL,RURAL,ABIERTA,MONOLINGUE,DOBLE,SEMIPRESENCIAL,CHIQUIMULA,2026-07-14T23:53:06+00:00,https://www.mineduc.gob.gt/BUSCAESTABLECIMIENTO_GE/,DIVERSIFICADO,TODOS,TODOS,TODOS,CHIQUIMULA,20,
20-04-0256-46,20-04-1153,CHIQUIMULA,JOCOTAN,COLEGIO CENTRO CULTURAL CAMPO REAL,BARRIO SAN LORENZO,79465751,SERGIO ESTUARDO MEDINA GUDIEL,GLORIA ESTELA GUERRA GUTIÉRREZ,DIVERSIFICADO,PRIVADO,URBANA,ABIERTA,MONOLINGUE,SIN JORNADA,SEMIPRESENCIAL (UN DÍA A LA SEMANA),CHIQUIMULA,2026-07-14T23:53:06+00:00,https://www.mineduc.gob.gt/BUSCAESTABLECIMIENTO_GE/,DIVERSIFICADO,TODOS,TODOS,TODOS,CHIQUIMULA,20,
20-04-0258-46,20-04-1153,CHIQUIMULA,JOCOTAN,COLEGIO PRIVADO MIXTO POR MADUREZ VISION 2008,BARRIO SAN SEBASTIÁN,79465220,SERGIO ESTUARDO MEDINA GUDIEL,JORGE ALBERTO MONROY,DIVERSIFICADO,PRIVADO,URBANA,ABIERTA,MONOLINGUE,SIN JORNADA,SEMIPRESENCIAL (UN DÍA A LA SEMANA),CHIQUIMULA,2026-07-14T23:53:06+00:00,https://www.mineduc.gob.gt/BUSCAESTABLECIMIENTO_GE/,DIVERSIFICADO,TODOS,TODOS,TODOS,CHIQUIMULA,20,
20-04-0261-46,20-030,CHIQUIMULA,JOCOTAN,CENTRO DE EDUCACIÓN EXTRAESCOLAR -CEEX PRONEA ASORO-,BARRIO SAN SEBASTIÁN,56980041,VILMA ESPERANZA LOPEZ INTERIANO,PAULA KAROLINA LÓPEZ RAMÍREZ,DIVERSIFICADO,OFICIAL,URBANA,ABIERTA,MONOLINGUE,MATUTINA,SEMIPRESENCIAL,CHIQUIMULA,2026-07-14T23:53:06+00:00,https://www.mineduc.gob.gt/BUSCAESTABLECIMIENTO_GE/,DIVERSIFICADO,TODOS,TODOS,TODOS,CHIQUIMULA,20,
20-04-0327-46,20-04-1157,CHIQUIMULA,JOCOTAN,INSTITUTO NACIONAL DE EDUCACIÓN DIVERSIFICADA,ALDEA SUCHIQUER,59937216,FRANCISCO JAVIER GUERRA PAZOS,CÉSAR OVIDIO GARCÍA LORENZO,DIVERSIFICADO,OFICIAL,RURAL,ABIERTA,BILINGUE,VESPERTINA,DIARIO(REGULAR),CHIQUIMULA,2026-07-14T23:53:06+00:00,https://www.mineduc.gob.gt/BUSCAESTABLECIMIENTO_GE/,DIVERSIFICADO,TODOS,TODOS,TODOS,CHIQUIMULA,20,
20-04-0328-46,20-04-1153,CHIQUIMULA,JOCOTAN,INSTITUTO NACIONAL DE EDUCACIÓN DIVERSIFICADA,ALDEA GUARERUCHE,51913751,SERGIO ESTUARDO MEDINA GUDIEL,MARÍA CLARINES LÓPEZ LÓPEZ,DIVERSIFICADO,OFICIAL,RURAL,ABIERTA,BILINGUE,MATUTINA,DIARIO(REGULAR),CHIQUIMULA,2026-07-14T23:53:06+00:00,https://www.mineduc.gob.gt/BUSCAESTABLECIMIENTO_GE/,DIVERSIFICADO,TODOS,TODOS,TODOS,CHIQUIMULA,20,
20-04-0566-46,20-004,CHIQUIMULA,JOCOTAN,INSTITUTO DIVERSIFICADO POR COOPERATIVA DE CIENCIAS COMERCIALES CON ORIENT. EN COMPUTACION,BARRIO SAN LORENZO,,SERGIO ESTUARDO MEDINA GUDIEL,-,DIVERSIFICADO,COOPERATIVA,URBANA,CERRADA TEMPORALMENTE,MONOLINGUE,VESPERTINA,DIARIO(REGULAR),CHIQUIMULA,2026-07-14T23:53:06+00:00,https://www.mineduc.gob.gt/BUSCAESTABLECIMIENTO_GE/,DIVERSIFICADO,TODOS,TODOS,TODOS,CHIQUIMULA,20,
20-04-2036-46,20-04-1154,CHIQUIMULA,JOCOTAN,"INSTITUTO TÉCNICO EN RECURSOS NATURALES MAYA CH'ORTI' ""INTERNMACH""",CASERÍO TIERRA BLANCA ALDEA LOS VADOS,32004298,MARÍA MAGDALENA PÉREZ MARTÍNEZ,MARVIN DE JESÚS LEMUS PORTILLO,DIVERSIFICADO,PRIVADO,RURAL,ABIERTA,MONOLINGUE,DOBLE,DIARIO(REGULAR),CHIQUIMULA,2026-07-14T23:53:06+00:00,https://www.mineduc.gob.gt/BUSCAESTABLECIMIENTO_GE/,DIVERSIFICADO,TODOS,TODOS,TODOS,CHIQUIMULA,20,
20-04-2267-46,20-04-1158,CHIQUIMULA,JOCOTAN,"ESCUELA NORMAL RURAL NO. 3 ""RAFAEL IRIARTE""",BARRIO SAN LORENZO,79465228,ORLANDO ANSELMO CAGUAY DÍAZ,FIDELINO HUALES SÚCHITE,DIVERSIFICADO,OFICIAL,URBANA,ABIERTA,BILINGUE,VESPERTINA,DIARIO(REGULAR),CHIQUIMULA,2026-07-14T23:53:06+00:00,https://www.mineduc.gob.gt/BUSCAESTABLECIMIENTO_GE/,DIVERSIFICADO,TODOS,TODOS,TODOS,CHIQUIMULA,20,
20-05-0087-46,20-05-1163,CHIQUIMULA,CAMOTAN,INSTITUTO NACIONAL DE EDUCACION DIVERSIFICADA,ALDEA MUYURCO,,YADIRA ELENA AVALOS RAMÍREZ,---,DIVERSIFICADO,OFICIAL,URBANA,ABIERTA,MONOLINGUE,MATUTINA,DIARIO(REGULAR),CHIQUIMULA,2026-07-14T23:53:06+00:00,https://www.mineduc.gob.gt/BUSCAESTABLECIMIENTO_GE/,DIVERSIFICADO,TODOS,TODOS,TODOS,CHIQUIMULA,20,
20-05-0088-46,20-05-1161,CHIQUIMULA,CAMOTAN,INSTITUTO NACIONAL DE EDUCACION DIVERSIFICADA,BARRIO EL CEMENTERIO,,JULIO CÉSAR CAGUAY GUTIERRES,---,DIVERSIFICADO,OFICIAL,URBANA,ABIERTA,MONOLINGUE,VESPERTINA,DIARIO(REGULAR),CHIQUIMULA,2026-07-14T23:53:06+00:00,https://www.mineduc.gob.gt/BUSCAESTABLECIMIENTO_GE/,DIVERSIFICADO,TODOS,TODOS,TODOS,CHIQUIMULA,20,
20-05-0089-46,20-017,CHIQUIMULA,CAMOTAN,INSTITUTO NACIONAL DE EDUCACION DIVERSIFICADA,"CASERIO TIZAMARTE, ALDEA EL TESORO",,GLENDY ARACELY GARCÍA PÉREZ,---,DIVERSIFICADO,OFICIAL,RURAL,CERRADA TEMPORALMENTE,MONOLINGUE,MATUTINA,DIARIO(REGULAR),CHIQUIMULA,2026-07-14T23:53:06+00:00,https://www.mineduc.gob.gt/BUSCAESTABLECIMIENTO_GE/,DIVERSIFICADO,TODOS,TODOS,TODOS,CHIQUIMULA,20,
20-05-0254-46,20-05-1161,CHIQUIMULA,CAMOTAN,COLEGIO PARROQUIAL PRIVADO NUESTRA SEÑORA DE LA ANUNCIACIÓN,BARRIO LA PARROQUIA,79465019,JULIO CÉSAR CAGUAY GUTIERRES,IRIS NOHEMY GONZÁLEZ ESQUIVEL,DIVERSIFICADO,PRIVADO,URBANA,ABIERTA,MONOLINGUE,VESPERTINA,DIARIO(REGULAR),CHIQUIMULA,2026-07-14T23:53:06+00:00,https://www.mineduc.gob.gt/BUSCAESTABLECIMIENTO_GE/,DIVERSIFICADO,TODOS,TODOS,TODOS,CHIQUIMULA,20,
20-05-0278-46,20-05-1162,CHIQUIMULA,CAMOTAN,INED INSTITUTO NACIONAL DE EDUCACIÓN DIVERSIFICADA,"CASERÍO LA CUMBRE, ALDEA NEARAR",51874437,MARIA MAGDALENA RAYMUNDO COLINDRES,ROBINSON MAURICIO GARCÍA LEÓN,DIVERSIFICADO,OFICIAL,RURAL,ABIERTA,MONOLINGUE,VESPERTINA,DIARIO(REGULAR),CHIQUIMULA,2026-07-14T23:53:06+00:00,https://www.mineduc.gob.gt/BUSCAESTABLECIMIENTO_GE/,DIVERSIFICADO,TODOS,TODOS,TODOS,CHIQUIMULA,20,
20-05-0466-46,20-017,CHIQUIMULA,CAMOTAN,INST. PRIV. MIXTO DE EDUC. DIVERSIFICADA ESCUELA DE CIENCIAS COMERCIALES,--,,GLENDY ARACELY GARCÍA PÉREZ,,DIVERSIFICADO,PRIVADO,URBANA,CERRADA TEMPORALMENTE,MONOLINGUE,VESPERTINA,DIARIO(REGULAR),CHIQUIMULA,2026-07-14T23:53:06+00:00,https://www.mineduc.gob.gt/BUSCAESTABLECIMIENTO_GE/,DIVERSIFICADO,TODOS,TODOS,TODOS,CHIQUIMULA,20,
20-05-1847-46,20-05-1161,CHIQUIMULA,CAMOTAN,ESCUELA NORMAL BILINGÜE INTERCULTURAL/TURER AJ KANSEYAJ CH'ORTI',BARRIO EL CEMENTERIO,46254169,JULIO CÉSAR CAGUAY GUTIERRES,ROSANA ELIZABETH PÉREZ VÁSQUEZ,DIVERSIFICADO,OFICIAL,URBANA,ABIERTA,BILINGUE,MATUTINA,DIARIO(REGULAR),CHIQUIMULA,2026-07-14T23:53:06+00:00,https://www.mineduc.gob.gt/BUSCAESTABLECIMIENTO_GE/,DIVERSIFICADO,TODOS,TODOS,TODOS,CHIQUIMULA,20,
20-05-1863-46,20-05-1166,CHIQUIMULA,CAMOTAN,INSTITUTO POR COOPERATIVA DE ENSEÑANZA DIVERSIFICADA,ALDEA CAPARJA,33448425,WALTER ANIBAL CARBAJAL BARREIRA,ROBERTO ANTONIO HERNÁNDEZ,DIVERSIFICADO,COOPERATIVA,RURAL,ABIERTA,MONOLINGUE,VESPERTINA,DIARIO(REGULAR),CHIQUIMULA,2026-07-14T23:53:06+00:00,https://www.mineduc.gob.gt/BUSCAESTABLECIMIENTO_GE/,DIVERSIFICADO,TODOS,TODOS,TODOS,CHIQUIMULA,20,
20-06-0041-46,20-008,CHIQUIMULA,OLOPA,INSTITUTO TECNOLOGICO CH´ORTI´ ITECH,1A. CALLE 2-02 ZONA 2 INTERIOR DEL MERCADO MUNICIPAL,53534678,BLANDINA NOET PERDOMO LÓPEZ DE GUZMÁN,RINA VICTORIA MARTÍNEZ ROMERO,DIVERSIFICADO,PRIVADO,URBANA,CERRADA DEFINITIVAMENTE,MONOLINGUE,DOBLE,DIARIO(REGULAR),CHIQUIMULA,2026-07-14T23:53:06+00:00,https://www.mineduc.gob.gt/BUSCAESTABLECIMIENTO_GE/,DIVERSIFICADO,TODOS,TODOS,TODOS,CHIQUIMULA,20,
20-06-0042-46,20-030,CHIQUIMULA,OLOPA,CENTRO DE EDUCACIÓN EXTRAESCOLAR -CEEX- FUNCAFE,ALDEA TITUQUE,47517698,VILMA ESPERANZA LOPEZ INTERIANO,ANGELA ROCÍO DÍAZ URRUTIA,DIVERSIFICADO,OFICIAL,RURAL,ABIERTA,MONOLINGUE,DOBLE,FIN DE SEMANA,CHIQUIMULA,2026-07-14T23:53:06+00:00,https://www.mineduc.gob.gt/BUSCAESTABLECIMIENTO_GE/,DIVERSIFICADO,TODOS,TODOS,TODOS,CHIQUIMULA,20,
20-06-0097-46,20-06-1168,CHIQUIMULA,OLOPA,INSTITUTO NACIONAL DE EDUCACIÓN DIVERSIFICADA,BARRIO LA CALERA,30229125,FREDY NEPTALI URRUTIA GUEVARA,AMILCAR PÉREZ RAMÍREZ,DIVERSIFICADO,OFICIAL,URBANA,ABIERTA,MONOLINGUE,VESPERTINA,DIARIO(REGULAR),CHIQUIMULA,2026-07-14T23:53:06+00:00,https://www.mineduc.gob.gt/BUSCAESTABLECIMIENTO_GE/,DIVERSIFICADO,TODOS,TODOS,TODOS,CHIQUIMULA,20,
20-06-0491-46,,CHIQUIMULA,OLOPA,INSTITUTO PRIVADO MIXTO DE EDUCACION DIVERSIFICADA DE CIENCIAS COMERCIALES,,,,,DIVERSIFICADO,PRIVADO,URBANA,CERRADA DEFINITIVAMENTE,MONOLINGUE,NOCTURNA,DIARIO(REGULAR),CHIQUIMULA,2026-07-14T23:53:06+00:00,https://www.mineduc.gob.gt/BUSCAESTABLECIMIENTO_GE/,DIVERSIFICADO,TODOS,TODOS,TODOS,CHIQUIMULA,20,
20-06-1787-46,20-06-1170,CHIQUIMULA,OLOPA,INSTITUTO DIVERSIFICADO POR COOPERATIVA DE ENSEÑANZA LIC. MARIO ROLANDO TORRES MARROQUIN,OLOPA,,BLANDINA NOET PERDOMO LÓPEZ DE GUZMÁN,ISOLINA BEDETH URRUTIA LEMUS,DIVERSIFICADO,COOPERATIVA,URBANA,ABIERTA,MONOLINGUE,VESPERTINA,DIARIO(REGULAR),CHIQUIMULA,2026-07-14T23:53:06+00:00,https://www.mineduc.gob.gt/BUSCAESTABLECIMIENTO_GE/,DIVERSIFICADO,TODOS,TODOS,TODOS,CHIQUIMULA,20,
20-07-0002-46,20-07-1176,CHIQUIMULA,ESQUIPULAS,"INSTITUTO TECNICO INDUSTRIAL ""HENRY FORD""","5A CALLE ""A"" 6-74 ZONA 1",79433773,DONELIA SARAÍ GUERRA ARANA,ROBERTO VELÁSQUEZ REAL,DIVERSIFICADO,PRIVADO,URBANA,ABIERTA,MONOLINGUE,DOBLE,DIARIO(REGULAR),CHIQUIMULA,2026-07-14T23:53:06+00:00,https://www.mineduc.gob.gt/BUSCAESTABLECIMIENTO_GE/,DIVERSIFICADO,TODOS,TODOS,TODOS,CHIQUIMULA,20,
20-07-0003-46,20-035,CHIQUIMULA,ESQUIPULAS,"INSTITUTO TECNICO INDUSTRIAL ""HENRY FORD""","5A CALLE ""A"" 6-74 ZONA 1",79433773,VICTORIA NOEMÍ RECINOS VIDAL DE HERNÁNDEZ,BRENDA LETICIA GARCÍA FUENTES,DIVERSIFICADO,PRIVADO,URBANA,CERRADA DEFINITIVAMENTE,MONOLINGUE,DOBLE,FIN DE SEMANA,CHIQUIMULA,2026-07-14T23:53:06+00:00,https://www.mineduc.gob.gt/BUSCAESTABLECIMIENTO_GE/,DIVERSIFICADO,TODOS,TODOS,TODOS,CHIQUIMULA,20,
20-07-0004-46,20-07-1176,CHIQUIMULA,ESQUIPULAS,"INSTITUTO TECNICO INDUSTRIAL ""HENRY FORD""","5A CALLE ""A"" 6-74 ZONA 1",79433773,DONELIA SARAÍ GUERRA ARANA,ROBERTO VELÁSQUEZ REAL,DIVERSIFICADO,PRIVADO,URBANA,ABIERTA,MONOLINGUE,VESPERTINA,DIARIO(REGULAR),CHIQUIMULA,2026-07-14T23:53:06+00:00,https://www.mineduc.gob.gt/BUSCAESTABLECIMIENTO_GE/,DIVERSIFICADO,TODOS,TODOS,TODOS,CHIQUIMULA,20,
20-07-0050-46,20-07-1174,CHIQUIMULA,ESQUIPULAS,INSTITUTO NACIONAL DE EDUCACION DIVERSIFICADA,"BARRIO SANTA ANA, ZONA 3",42024937,ERICK ESTUARDO ALVARADO GALVAN,NORA LIZANDRA VILLALOBOS VIDAL,DIVERSIFICADO,OFICIAL,URBANA,ABIERTA,MONOLINGUE,VESPERTINA,DIARIO(REGULAR),CHIQUIMULA,2026-07-14T23:53:06+00:00,https://www.mineduc.gob.gt/BUSCAESTABLECIMIENTO_GE/,DIVERSIFICADO,TODOS,TODOS,TODOS,CHIQUIMULA,20,
20-07-0061-46,20-07-1172,CHIQUIMULA,ESQUIPULAS,INSTITUTO MUNICIPAL DE EDUCACION DIVERSIFICADA DE ESQUIPULAS,2DA. AVENIDA 0-20 ZONA 1,42787205,HEIDY ARACELY PAYES GREGORIO,LESBIA DINORA SÁNCHEZ,DIVERSIFICADO,MUNICIPAL,URBANA,ABIERTA,MONOLINGUE,VESPERTINA,DIARIO(REGULAR),CHIQUIMULA,2026-07-14T23:53:06+00:00,https://www.mineduc.gob.gt/BUSCAESTABLECIMIENTO_GE/,DIVERSIFICADO,TODOS,TODOS,TODOS,CHIQUIMULA,20,
20-07-0079-46,20-014,CHIQUIMULA,ESQUIPULAS,COLEGIO MUNICIPAL DE EDUCACION DIVERSIFICADA,ALDEA CHANMAGUA,53046838,ERICK ESTUARDO ALVARADO GALVÁN,VERONICA JUDITH CABRERA NOVEGIL,DIVERSIFICADO,MUNICIPAL,RURAL,CERRADA TEMPORALMENTE,MONOLINGUE,VESPERTINA,DIARIO(REGULAR),CHIQUIMULA,2026-07-14T23:53:06+00:00,https://www.mineduc.gob.gt/BUSCAESTABLECIMIENTO_GE/,DIVERSIFICADO,TODOS,TODOS,TODOS,CHIQUIMULA,20,
20-07-0083-46,20-07-1173,CHIQUIMULA,ESQUIPULAS,INSTITUTO DE EDUCACION DIVERSIFICADA POR COOPERATIVA DE ENSEÑANZA,ALDEA CHANMAGUA,30502877,LANDELINO CRÚZ GARCÍA,ALVARO JOEL RAMÍREZ VILLEDA,DIVERSIFICADO,COOPERATIVA,RURAL,ABIERTA,MONOLINGUE,VESPERTINA,DIARIO(REGULAR),CHIQUIMULA,2026-07-14T23:53:06+00:00,https://www.mineduc.gob.gt/BUSCAESTABLECIMIENTO_GE/,DIVERSIFICADO,TODOS,TODOS,TODOS,CHIQUIMULA,20,
20-07-0088-46,20-014,CHIQUIMULA,ESQUIPULAS,LICEO DE FORMACION INTEGRAL,8A. CALLE 1-15 ZONA 1 COLONIA QUIRIO CATAÑO II,79433902,ERICK ESTUARDO ALVARADO GALVÁN,SOLEDAD DEL CARMEN LÓPEZ ROSA,DIVERSIFICADO,PRIVADO,URBANA,CERRADA DEFINITIVAMENTE,MONOLINGUE,DOBLE,FIN DE SEMANA,CHIQUIMULA,2026-07-14T23:53:06+00:00,https://www.mineduc.gob.gt/BUSCAESTABLECIMIENTO_GE/,DIVERSIFICADO,TODOS,TODOS,TODOS,CHIQUIMULA,20,
20-07-0103-46,20-015,CHIQUIMULA,ESQUIPULAS,COLEGIO CRISTIANO SHALOM,"5TA. AVENIDA ""A"" 4-60 ZONA 1",79433008,LANDELINO CRUZ GARCIA,MYNOR RENÉ MARTÍNEZ GARCÍA,DIVERSIFICADO,PRIVADO,URBANA,CERRADA TEMPORALMENTE,MONOLINGUE,VESPERTINA,DIARIO(REGULAR),CHIQUIMULA,2026-07-14T23:53:06+00:00,https://www.mineduc.gob.gt/BUSCAESTABLECIMIENTO_GE/,DIVERSIFICADO,TODOS,TODOS,TODOS,CHIQUIMULA,20,
20-07-0106-46,20-07-1174,CHIQUIMULA,ESQUIPULAS,LICEO DE FORMACION INTEGRAL,8A. CALLE 1-15 ZONA 1 COLONIA QUIRIO CATAÑO II,79433902,ERICK ESTUARDO ALVARADO GALVAN,SOLEDAD DEL CARMEN LÓPEZ ROSA,DIVERSIFICADO,PRIVADO,URBANA,ABIERTA,MONOLINGUE,VESPERTINA,DIARIO(REGULAR),CHIQUIMULA,2026-07-14T23:53:06+00:00,https://www.mineduc.gob.gt/BUSCAESTABLECIMIENTO_GE/,DIVERSIFICADO,TODOS,TODOS,TODOS,CHIQUIMULA,20,
20-07-0111-46,20-07-1175,CHIQUIMULA,ESQUIPULAS,"COLEGIO DE EDUCACIÓN PARA ADULTOS ""SEMILLA DE VIDA""",3A. CALLE 2-13 ZONA 2 BARRIO NUEVO,59748507,EDNA ODILIA ACEVED0,EDY NOÉ VIDES MEJÍA,DIVERSIFICADO,PRIVADO,URBANA,ABIERTA,MONOLINGUE,DOBLE,FIN DE SEMANA,CHIQUIMULA,2026-07-14T23:53:06+00:00,https://www.mineduc.gob.gt/BUSCAESTABLECIMIENTO_GE/,DIVERSIFICADO,TODOS,TODOS,TODOS,CHIQUIMULA,20,
20-07-0114-46,20-07-1175,CHIQUIMULA,ESQUIPULAS,"COLEGIO DE EDUCACION PARA ADULTOS ""SEMILLA DE VIDA""",3A. CALLE 2-13 ZONA 2 BARRIO NUEVO,59748507,EDNA ODILIA ACEVED0,EDY NOÉ VIDES MEJÍA,DIVERSIFICADO,PRIVADO,URBANA,ABIERTA,MONOLINGUE,DOBLE,FIN DE SEMANA,CHIQUIMULA,2026-07-14T23:53:06+00:00,https://www.mineduc.gob.gt/BUSCAESTABLECIMIENTO_GE/,DIVERSIFICADO,TODOS,TODOS,TODOS,CHIQUIMULA,20,
20-07-0116-46,20-07-1174,CHIQUIMULA,ESQUIPULAS,LICEO DE FORMACIÓN INTEGRAL,8VA. CALLE 1-15 ZONA 1 COLONIA QUIRIO CATAÑO II,79433902,ERICK ESTUARDO ALVARADO GALVAN,CÉSAR OBDULIO LÁZARO SÚCHITE,DIVERSIFICADO,PRIVADO,URBANA,ABIERTA,MONOLINGUE,DOBLE,FIN DE SEMANA,CHIQUIMULA,2026-07-14T23:53:06+00:00,https://www.mineduc.gob.gt/BUSCAESTABLECIMIENTO_GE/,DIVERSIFICADO,TODOS,TODOS,TODOS,CHIQUIMULA,20,
20-07-0119-46,20-035,CHIQUIMULA,ESQUIPULAS,INSTITUTO TÉCNICO INDUSTRIAL HENRY FORD,"5TA. CALLE ""A"" 6-74 ZONA 1",79433773,VICTORIA NOEMÍ RECINOS VIDAL DE HERNÁNDEZ,JOSÉ LEOPOLDO PALAO LINARES,DIVERSIFICADO,PRIVADO,URBANA,CERRADA DEFINITIVAMENTE,MONOLINGUE,DOBLE,FIN DE SEMANA,CHIQUIMULA,2026-07-14T23:53:06+00:00,https://www.mineduc.gob.gt/BUSCAESTABLECIMIENTO_GE/,DIVERSIFICADO,TODOS,TODOS,TODOS,CHIQUIMULA,20,
20-07-0122-46,20-07-1172,CHIQUIMULA,ESQUIPULAS,"COLEGIO PRIVADO MIXTO ""MONTESSORI""","6TA. AVENIDA 6-99 ZONA 1, BARRIO SAN JOAQUIN",79431270,HEIDY ARACELY PAYES GREGORIO,MILAGRO DE JESÚS ACEVEDO DUARTE,DIVERSIFICADO,PRIVADO,URBANA,ABIERTA,MONOLINGUE,DOBLE,DIARIO(REGULAR),CHIQUIMULA,2026-07-14T23:53:06+00:00,https://www.mineduc.gob.gt/BUSCAESTABLECIMIENTO_GE/,DIVERSIFICADO,TODOS,TODOS,TODOS,CHIQUIMULA,20,
20-07-0127-46,20-07-1175,CHIQUIMULA,ESQUIPULAS,"COLEGIO DE EDUCACION PARA ADULTOS ""SEMILLA DE VIDA""",3A. CALLE 2-13 ZONA 2,32155033,EDNA ODILIA ACEVED0,EDY NOÉ VIDES MEJÍA,DIVERSIFICADO,PRIVADO,URBANA,ABIERTA,MONOLINGUE,VESPERTINA,DIARIO(REGULAR),CHIQUIMULA,2026-07-14T23:53:06+00:00,https://www.mineduc.gob.gt/BUSCAESTABLECIMIENTO_GE/,DIVERSIFICADO,TODOS,TODOS,TODOS,CHIQUIMULA,20,
20-07-0132-46,20-07-1174,CHIQUIMULA,ESQUIPULAS,LICEO ESQUIPULTECO BILINGÜE,3A. AVENIDA 4-31 ZONA 1,41897428,ERICK ESTUARDO ALVARADO GALVAN,ANA MARÍA PÉREZ HERNÁNDEZ,DIVERSIFICADO,PRIVADO,URBANA,ABIERTA,MONOLINGUE,VESPERTINA,DIARIO(REGULAR),CHIQUIMULA,2026-07-14T23:53:06+00:00,https://www.mineduc.gob.gt/BUSCAESTABLECIMIENTO_GE/,DIVERSIFICADO,TODOS,TODOS,TODOS,CHIQUIMULA,20,
20-07-0135-46,20-035,CHIQUIMULA,ESQUIPULAS,COLEGIO PRIVADO MIXTO BENDICIÓN,6A. AVENIDA 6-99 ZONA 1 BARRIO SAN JOAQUÍN,42194761,VICTORIA NOEMÍ RECINOS VIDAL DE HERNÁNDEZ,OSCAR ESCOBAR ESPINO,DIVERSIFICADO,PRIVADO,URBANA,CERRADA DEFINITIVAMENTE,MONOLINGUE,DOBLE,FIN DE SEMANA,CHIQUIMULA,2026-07-14T23:53:06+00:00,https://www.mineduc.gob.gt/BUSCAESTABLECIMIENTO_GE/,DIVERSIFICADO,TODOS,TODOS,TODOS,CHIQUIMULA,20,
20-07-0141-46,20-07-1173,CHIQUIMULA,ESQUIPULAS,INSTITUTO RENÉ ALMENGOR INBECC,"6A. AVENIDA 0-11 ZONA 1, BARRIO SANTIAGUITO",79432727,LANDELINO CRÚZ GARCÍA,SANTOS INOCENTE RAMOS DE LEÓN,DIVERSIFICADO,PRIVADO,URBANA,ABIERTA,MONOLINGUE,INTERMEDIA,DIARIO(REGULAR),CHIQUIMULA,2026-07-14T23:53:06+00:00,https://www.mineduc.gob.gt/BUSCAESTABLECIMIENTO_GE/,DIVERSIFICADO,TODOS,TODOS,TODOS,CHIQUIMULA,20,
20-07-0142-46,20-07-1173,CHIQUIMULA,ESQUIPULAS,INSTITUTO RENÉ ALMENGOR INBECC,"6A. AVENIDA 0-11 ZONA 1, BARRIO SANTIAGUITO",79432727,LANDELINO CRÚZ GARCÍA,SANTOS INOCENTE RAMOS DE LEÓN,DIVERSIFICADO,PRIVADO,URBANA,ABIERTA,MONOLINGUE,VESPERTINA,DIARIO(REGULAR),CHIQUIMULA,2026-07-14T23:53:06+00:00,https://www.mineduc.gob.gt/BUSCAESTABLECIMIENTO_GE/,DIVERSIFICADO,TODOS,TODOS,TODOS,CHIQUIMULA,20,
20-07-0143-46,20-030,CHIQUIMULA,ESQUIPULAS,CENTRO DE EDUCACIÓN EXTRAESCOLAR -CEEX- FUNCAFE,10 CALLE 6-27 BARRIO SAN SEBASTIÁN,30393716,VILMA ESPERANZA LOPEZ INTERIANO,CARLOS ROLANDO MONROY CHEGÜÉN,DIVERSIFICADO,OFICIAL,URBANA,ABIERTA,MONOLINGUE,DOBLE,FIN DE SEMANA,CHIQUIMULA,2026-07-14T23:53:06+00:00,https://www.mineduc.gob.gt/BUSCAESTABLECIMIENTO_GE/,DIVERSIFICADO,TODOS,TODOS,TODOS,CHIQUIMULA,20,
20-07-0145-46,20-07-1172,CHIQUIMULA,ESQUIPULAS,COLEGIO PRIVADO MIXTO BENDICIÓN,6A. AVENIDA 6-99 ZONA 1 BARRIO SAN JOAQUÍN,42194761,HEIDY ARACELY PAYES GREGORIO,OSCAR ESCOBAR ESPINO,DIVERSIFICADO,PRIVADO,URBANA,ABIERTA,MONOLINGUE,SIN JORNADA,SEMIPRESENCIAL (UN DÍA A LA SEMANA),CHIQUIMULA,2026-07-14T23:53:06+00:00,https://www.mineduc.gob.gt/BUSCAESTABLECIMIENTO_GE/,DIVERSIFICADO,TODOS,TODOS,TODOS,CHIQUIMULA,20,
20-07-0147-46,20-07-1174,CHIQUIMULA,ESQUIPULAS,LICEO DE FORMACIÓN INTEGRAL,8VA. CALLE 1-15 ZONA 1 COLONIA QUIRIO CATAÑO II,79433902,ERICK ESTUARDO ALVARADO GALVAN,CÉSAR OBDULIO LÁZARO SÚCHITE,DIVERSIFICADO,PRIVADO,URBANA,ABIERTA,MONOLINGUE,SIN JORNADA,SEMIPRESENCIAL (UN DÍA A LA SEMANA),CHIQUIMULA,2026-07-14T23:53:06+00:00,https://www.mineduc.gob.gt/BUSCAESTABLECIMIENTO_GE/,DIVERSIFICADO,TODOS,TODOS,TODOS,CHIQUIMULA,20,
20-07-0149-46,20-07-1176,CHIQUIMULA,ESQUIPULAS,"INSTITUTO TÉCNICO INDUSTRIAL ""HENRY FORD""","5TA. CALLE ""A"" 6-74 ZONA 1",32021983,DONELIA SARAÍ GUERRA ARANA,ROBERTO VELÁSQUEZ REAL,DIVERSIFICADO,PRIVADO,URBANA,ABIERTA,MONOLINGUE,SIN JORNADA,SEMIPRESENCIAL (UN DÍA A LA SEMANA),CHIQUIMULA,2026-07-14T23:53:06+00:00,https://www.mineduc.gob.gt/BUSCAESTABLECIMIENTO_GE/,DIVERSIFICADO,TODOS,TODOS,TODOS,CHIQUIMULA,20,
20-07-0180-46,20-07-1174,CHIQUIMULA,ESQUIPULAS,INED INSTITUTO NACIONAL DE EDUCACION DIVERSIFICADA,LOTIFICACIÓN VALLE DE MARÍA,42450103,ERICK ESTUARDO ALVARADO GALVAN,,DIVERSIFICADO,OFICIAL,URBANA,ABIERTA,MONOLINGUE,VESPERTINA,DIARIO(REGULAR),CHIQUIMULA,2026-07-14T23:53:06+00:00,https://www.mineduc.gob.gt/BUSCAESTABLECIMIENTO_GE/,DIVERSIFICADO,TODOS,TODOS,TODOS,CHIQUIMULA,20,
20-07-0181-46,20-07-1174,CHIQUIMULA,ESQUIPULAS,INED INSTITUTO NACIONAL DE EDUCACIÓN DIVERSIFICADA,ALDEA LAS PEÑAS,49614564,ERICK ESTUARDO ALVARADO GALVAN,,DIVERSIFICADO,OFICIAL,RURAL,ABIERTA,MONOLINGUE,VESPERTINA,DIARIO(REGULAR),CHIQUIMULA,2026-07-14T23:53:06+00:00,https://www.mineduc.gob.gt/BUSCAESTABLECIMIENTO_GE/,DIVERSIFICADO,TODOS,TODOS,TODOS,CHIQUIMULA,20,
20-07-0182-46,20-07-1173,CHIQUIMULA,ESQUIPULAS,INED INSTITUTO NACIONAL DE EDUCACIÓN DIVERSIFICADA,ALDEA MONTEROS,59596964,LANDELINO CRÚZ GARCÍA,,DIVERSIFICADO,OFICIAL,RURAL,ABIERTA,MONOLINGUE,VESPERTINA,DIARIO(REGULAR),CHIQUIMULA,2026-07-14T23:53:06+00:00,https://www.mineduc.gob.gt/BUSCAESTABLECIMIENTO_GE/,DIVERSIFICADO,TODOS,TODOS,TODOS,CHIQUIMULA,20,
20-07-0332-46,20-07-1173,CHIQUIMULA,ESQUIPULAS,ESCUELA DE EDUCACIÓN DIVERSIFICADA EDIVER,6A. AV. 6-99 ZONA 1,41491485,LANDELINO CRÚZ GARCÍA,HÉCTOR LEONEL SALGUERO MORALES,DIVERSIFICADO,PRIVADO,URBANA,ABIERTA,MONOLINGUE,VESPERTINA,DIARIO(REGULAR),CHIQUIMULA,2026-07-14T23:53:06+00:00,https://www.mineduc.gob.gt/BUSCAESTABLECIMIENTO_GE/,DIVERSIFICADO,TODOS,TODOS,TODOS,CHIQUIMULA,20,
20-07-0333-46,20-015,CHIQUIMULA,ESQUIPULAS,LICEO ESQUIPULTECO,3A AV 4-31 ZONA 1,79432042,LANDELINO CRUZ GARCIA,ANA MARÍA PÉREZ HERNÁNDEZ,DIVERSIFICADO,PRIVADO,URBANA,CERRADA DEFINITIVAMENTE,MONOLINGUE,VESPERTINA,DIARIO(REGULAR),CHIQUIMULA,2026-07-14T23:53:06+00:00,https://www.mineduc.gob.gt/BUSCAESTABLECIMIENTO_GE/,DIVERSIFICADO,TODOS,TODOS,TODOS,CHIQUIMULA,20,
20-07-0334-46,20-015,CHIQUIMULA,ESQUIPULAS,INSTITUTO PRIVADO MIXTO DE EDUCACION DIVERSIFICADA 'LICEO ESQUIPULTECO',3A AVE. 4-31 ZONA 1,,LANDELINO CRUZ GARCIA,,DIVERSIFICADO,PRIVADO,URBANA,CERRADA TEMPORALMENTE,MONOLINGUE,NOCTURNA,DIARIO(REGULAR),CHIQUIMULA,2026-07-14T23:53:06+00:00,https://www.mineduc.gob.gt/BUSCAESTABLECIMIENTO_GE/,DIVERSIFICADO,TODOS,TODOS,TODOS,CHIQUIMULA,20,
20-07-0506-46,20-07-1172,CHIQUIMULA,ESQUIPULAS,"COLEGIO PRIVADO MIXTO ""MONTESSORI""",6A. AVENIDA 6-99 ZONA 1,79431270,HEIDY ARACELY PAYES GREGORIO,HÉCTOR LEONEL SALGUERO MORALES,DIVERSIFICADO,PRIVADO,URBANA,ABIERTA,MONOLINGUE,VESPERTINA,DIARIO(REGULAR),CHIQUIMULA,2026-07-14T23:53:06+00:00,https://www.mineduc.gob.gt/BUSCAESTABLECIMIENTO_GE/,DIVERSIFICADO,TODOS,TODOS,TODOS,CHIQUIMULA,20,
20-07-0567-46,20-015,CHIQUIMULA,ESQUIPULAS,INSTITUTO BASICO ESQUIPULTECO Y CIENCIAS COMERCIALES INBECC,6A. AVENIDA 0-11 ZONA 1,79432727,LANDELINO CRUZ GARCIA,SANTOS INOCENTE RAMOS DE LEÓN,DIVERSIFICADO,PRIVADO,URBANA,CERRADA DEFINITIVAMENTE,MONOLINGUE,INTERMEDIA,DIARIO(REGULAR),CHIQUIMULA,2026-07-14T23:53:06+00:00,https://www.mineduc.gob.gt/BUSCAESTABLECIMIENTO_GE/,DIVERSIFICADO,TODOS,TODOS,TODOS,CHIQUIMULA,20,
20-07-0569-46,20-015,CHIQUIMULA,ESQUIPULAS,INSTITUTO BASICO ESQUIPULTECO Y CIENCIAS COMERCIALES INBECC,6A. AVENIDA 0-11 ZONA 1,79432727,LANDELINO CRUZ GARCIA,SANTOS INOCENTE RAMOS DE LEÓN,DIVERSIFICADO,PRIVADO,URBANA,CERRADA DEFINITIVAMENTE,MONOLINGUE,VESPERTINA,DIARIO(REGULAR),CHIQUIMULA,2026-07-14T23:53:06+00:00,https://www.mineduc.gob.gt/BUSCAESTABLECIMIENTO_GE/,DIVERSIFICADO,TODOS,TODOS,TODOS,CHIQUIMULA,20,
20-07-1909-46,20-07-1173,CHIQUIMULA,ESQUIPULAS,COLEGIO CATOLICO PRIVADO MIXTO 'SAN BENITO',13 CALLE 6-06 ZONA 1,79431391,LANDELINO CRÚZ GARCÍA,MARIO RICARDO LEIVA DÍAZ,DIVERSIFICADO,PRIVADO,URBANA,ABIERTA,MONOLINGUE,VESPERTINA,DIARIO(REGULAR),CHIQUIMULA,2026-07-14T23:53:06+00:00,https://www.mineduc.gob.gt/BUSCAESTABLECIMIENTO_GE/,DIVERSIFICADO,TODOS,TODOS,TODOS,CHIQUIMULA,20,
20-07-2066-46,20-015,CHIQUIMULA,ESQUIPULAS,COLEGIO CATOLICO PRIVADO MIXTO 'SAN BENITO',13 CALLE 6-06 ZONA 1,79431391,LANDELINO CRUZ GARCIA,,DIVERSIFICADO,PRIVADO,URBANA,CERRADA TEMPORALMENTE,MONOLINGUE,DOBLE,DIARIO(REGULAR),CHIQUIMULA,2026-07-14T23:53:06+00:00,https://www.mineduc.gob.gt/BUSCAESTABLECIMIENTO_GE/,DIVERSIFICADO,TODOS,TODOS,TODOS,CHIQUIMULA,20,
20-07-2085-46,20-014,CHIQUIMULA,ESQUIPULAS,INSTITUTO MUNICIPAL DE EDUCACION DIVERSIFICADA,ALDEA CHANMAGUA,,ERICK ESTUARDO ALVARADO GALVÁN,,DIVERSIFICADO,MUNICIPAL,RURAL,CERRADA TEMPORALMENTE,MONOLINGUE,VESPERTINA,DIARIO(REGULAR),CHIQUIMULA,2026-07-14T23:53:06+00:00,https://www.mineduc.gob.gt/BUSCAESTABLECIMIENTO_GE/,DIVERSIFICADO,TODOS,TODOS,TODOS,CHIQUIMULA,20,
20-07-2098-46,20-07-1173,CHIQUIMULA,ESQUIPULAS,COLEGIO PRIVADO MIXTO RENACIMIENTO,5A. AV. 2-25 ZONA 1,79432012,LANDELINO CRÚZ GARCÍA,LUIS ARIEL SANDOVAL ARANA,DIVERSIFICADO,PRIVADO,URBANA,ABIERTA,MONOLINGUE,DOBLE,FIN DE SEMANA,CHIQUIMULA,2026-07-14T23:53:06+00:00,https://www.mineduc.gob.gt/BUSCAESTABLECIMIENTO_GE/,DIVERSIFICADO,TODOS,TODOS,TODOS,CHIQUIMULA,20,
20-07-2365-46,20-07-1173,CHIQUIMULA,ESQUIPULAS,COLEGIO PRIVADO MIXTO RENACIMIENTO,"5A. AV, 2-25 ZONA 1 ESQUIPULAS",,LANDELINO CRÚZ GARCÍA,,DIVERSIFICADO,PRIVADO,URBANA,ABIERTA,MONOLINGUE,VESPERTINA,DIARIO(REGULAR),CHIQUIMULA,2026-07-14T23:53:06+00:00,https://www.mineduc.gob.gt/BUSCAESTABLECIMIENTO_GE/,DIVERSIFICADO,TODOS,TODOS,TODOS,CHIQUIMULA,20,
20-07-2408-46,20-015,CHIQUIMULA,ESQUIPULAS,INSTITUTO BASICO ESQUIPULTECO Y CIENCIAS COMERCIALES (INBECC),5A. CALLE A 6-74 ZONA 1,79430127,LANDELINO CRUZ GARCIA,,DIVERSIFICADO,PRIVADO,URBANA,TEMPORAL TITULOS,MONOLINGUE,NOCTURNA,DIARIO(REGULAR),CHIQUIMULA,2026-07-14T23:53:06+00:00,https://www.mineduc.gob.gt/BUSCAESTABLECIMIENTO_GE/,DIVERSIFICADO,TODOS,TODOS,TODOS,CHIQUIMULA,20,
20-08-0004-46,20-08-1177,CHIQUIMULA,CONCEPCION LAS MINAS,COLEGIO CRISTIANO CRISTO VIENE YA,"COLONIA BETHEL, ALDEA LA ERMITA",79437534,RICARDO URIEL SAMAYOA TRIGUEROS,IRVIN JOSUÉ DUARTE BANEGAS,DIVERSIFICADO,PRIVADO,RURAL,ABIERTA,MONOLINGUE,VESPERTINA,DIARIO(REGULAR),CHIQUIMULA,2026-07-14T23:53:06+00:00,https://www.mineduc.gob.gt/BUSCAESTABLECIMIENTO_GE/,DIVERSIFICADO,TODOS,TODOS,TODOS,CHIQUIMULA,20,
20-08-0006-46,20-08-1177,CHIQUIMULA,CONCEPCION LAS MINAS,INSTITUTO NACIONAL DE EDUCACION DIVERSIFICADA,COLONIA NUEVA,30194721,RICARDO URIEL SAMAYOA TRIGUEROS,ULISES RIVERA ACEVEDO,DIVERSIFICADO,OFICIAL,URBANA,ABIERTA,MONOLINGUE,MATUTINA,DIARIO(REGULAR),CHIQUIMULA,2026-07-14T23:53:06+00:00,https://www.mineduc.gob.gt/BUSCAESTABLECIMIENTO_GE/,DIVERSIFICADO,TODOS,TODOS,TODOS,CHIQUIMULA,20,
20-08-0018-46,20-08-1177,CHIQUIMULA,CONCEPCION LAS MINAS,COLEGIO MUNICIPAL DE EDUCACION DIVERSIFICADA,COLONIA NUEVA,79435110,RICARDO URIEL SAMAYOA TRIGUEROS,SANDRA ERUDINA ESPINO CASTILLO,DIVERSIFICADO,MUNICIPAL,URBANA,ABIERTA,MONOLINGUE,VESPERTINA,DIARIO(REGULAR),CHIQUIMULA,2026-07-14T23:53:06+00:00,https://www.mineduc.gob.gt/BUSCAESTABLECIMIENTO_GE/,DIVERSIFICADO,TODOS,TODOS,TODOS,CHIQUIMULA,20,
20-08-0019-46,20-040,CHIQUIMULA,CONCEPCION LAS MINAS,COLEGIO MUNICIPAL DE EDUCACIÓN DIVERSIFICADA,COLONIA NUEVA,79435110,SONIA FAVIOLA FRANCO GARCÍA,SANDRA ERUDINA ESPINO CASTILLO,DIVERSIFICADO,MUNICIPAL,URBANA,CERRADA DEFINITIVAMENTE,MONOLINGUE,DOBLE,DIARIO(REGULAR),CHIQUIMULA,2026-07-14T23:53:06+00:00,https://www.mineduc.gob.gt/BUSCAESTABLECIMIENTO_GE/,DIVERSIFICADO,TODOS,TODOS,TODOS,CHIQUIMULA,20,
20-08-0020-46,20-08-1177,CHIQUIMULA,CONCEPCION LAS MINAS,INSTITUTO NACIONAL DE EDUCACIÓN DIVERSIFICADA,COLONIA NUEVA,30194721,RICARDO URIEL SAMAYOA TRIGUEROS,ULISES RIVERA ACEVEDO,DIVERSIFICADO,OFICIAL,URBANA,ABIERTA,MONOLINGUE,DOBLE,DIARIO(REGULAR),CHIQUIMULA,2026-07-14T23:53:06+00:00,https://www.mineduc.gob.gt/BUSCAESTABLECIMIENTO_GE/,DIVERSIFICADO,TODOS,TODOS,TODOS,CHIQUIMULA,20,
20-08-0022-46,20-040,CHIQUIMULA,CONCEPCION LAS MINAS,COLEGIO CRISTIANO CRISTO VIENE YA,COLONIA BETHEL ALDEA LA ERMITA,79437534,SONIA FAVIOLA FRANCO GARCÍA,EVER AROLDO CORTEZ GUERRA,DIVERSIFICADO,PRIVADO,RURAL,CERRADA DEFINITIVAMENTE,MONOLINGUE,DOBLE,FIN DE SEMANA,CHIQUIMULA,2026-07-14T23:53:06+00:00,https://www.mineduc.gob.gt/BUSCAESTABLECIMIENTO_GE/,DIVERSIFICADO,TODOS,TODOS,TODOS,CHIQUIMULA,20,
20-08-0025-46,20-08-1177,CHIQUIMULA,CONCEPCION LAS MINAS,COLEGIO CRISTIANO CRISTO VIENE YA,"COLONIA BETHEL, ALDEA LA ERMITA",79437534,RICARDO URIEL SAMAYOA TRIGUEROS,EVER AROLDO CORTEZ GUERRA,DIVERSIFICADO,PRIVADO,RURAL,ABIERTA,MONOLINGUE,SIN JORNADA,SEMIPRESENCIAL (UN DÍA A LA SEMANA),CHIQUIMULA,2026-07-14T23:53:06+00:00,https://www.mineduc.gob.gt/BUSCAESTABLECIMIENTO_GE/,DIVERSIFICADO,TODOS,TODOS,TODOS,CHIQUIMULA,20,
20-08-0054-46,20-08-1178,CHIQUIMULA,CONCEPCION LAS MINAS,INSTITUTO NACIONAL DE EDUCACIÓN DIVERSIFICADA,ALDEA EL JÍCARO,31688191,VICTORIA NOEMÍ RECINOS VIDAL DE HERNÁNDEZ,MARLENY CAROLINA MEJÍA PÉREZ,DIVERSIFICADO,OFICIAL,RURAL,ABIERTA,MONOLINGUE,VESPERTINA,DIARIO(REGULAR),CHIQUIMULA,2026-07-14T23:53:06+00:00,https://www.mineduc.gob.gt/BUSCAESTABLECIMIENTO_GE/,DIVERSIFICADO,TODOS,TODOS,TODOS,CHIQUIMULA,20,
20-08-0055-46,20-08-1177,CHIQUIMULA,CONCEPCION LAS MINAS,INSTITUTO NACIONAL DE EDUCACIÓN DIVERSIFICADA,ALDEA LA ERMITA,45232954,RICARDO URIEL SAMAYOA TRIGUEROS,YESMIN VANEZA CASTILLO CASTILLO,DIVERSIFICADO,OFICIAL,RURAL,ABIERTA,MONOLINGUE,VESPERTINA,DIARIO(REGULAR),CHIQUIMULA,2026-07-14T23:53:06+00:00,https://www.mineduc.gob.gt/BUSCAESTABLECIMIENTO_GE/,DIVERSIFICADO,TODOS,TODOS,TODOS,CHIQUIMULA,20,
20-08-1595-46,20-040,CHIQUIMULA,CONCEPCION LAS MINAS,LICEO TECNICO CONCEPCION,,,SONIA FAVIOLA FRANCO GARCÍA,,DIVERSIFICADO,PRIVADO,URBANA,CERRADA TEMPORALMENTE,MONOLINGUE,VESPERTINA,DIARIO(REGULAR),CHIQUIMULA,2026-07-14T23:53:06+00:00,https://www.mineduc.gob.gt/BUSCAESTABLECIMIENTO_GE/,DIVERSIFICADO,TODOS,TODOS,TODOS,CHIQUIMULA,20,
20-08-2386-46,20-040,CHIQUIMULA,CONCEPCION LAS MINAS,LICEO JUVENIL CONCEPCION,CALLE PRINCIPAL,79435888,SONIA FAVIOLA FRANCO GARCÍA,JEAKELINE MARILÍ POSADAS POSADAS,DIVERSIFICADO,PRIVADO,URBANA,CERRADA DEFINITIVAMENTE,MONOLINGUE,VESPERTINA,DIARIO(REGULAR),CHIQUIMULA,2026-07-14T23:53:06+00:00,https://www.mineduc.gob.gt/BUSCAESTABLECIMIENTO_GE/,DIVERSIFICADO,TODOS,TODOS,TODOS,CHIQUIMULA,20,
20-09-0031-46,20-038,CHIQUIMULA,QUEZALTEPEQUE,INSTITUTO PARA MAESTRAS DE EDUCACION PREPRIMARIA INTERCULTURAL,BARRIO EL CALVARIO DE LA VILLA,59821901,RICARDO URIEL SAMAYOA TRIGUEROS,VICTORIA ABIGAIL RUIZ DIAZ,DIVERSIFICADO,PRIVADO,URBANA,CERRADA TEMPORALMENTE,MONOLINGUE,VESPERTINA,DIARIO(REGULAR),CHIQUIMULA,2026-07-14T23:53:06+00:00,https://www.mineduc.gob.gt/BUSCAESTABLECIMIENTO_GE/,DIVERSIFICADO,TODOS,TODOS,TODOS,CHIQUIMULA,20,
20-09-0037-46,20-09-1180,CHIQUIMULA,QUEZALTEPEQUE,COMPLEJO EDUCATIVO INTERCULTURAL,"COLONIA SANTA FILOMENA, ZONA 2",33721515,MARÍA ROSSALYN LANDAVERRY LÓPEZ DE URRUTIA,ORFA RECINOS RIVERA,DIVERSIFICADO,PRIVADO,URBANA,ABIERTA,MONOLINGUE,MATUTINA,DIARIO(REGULAR),CHIQUIMULA,2026-07-14T23:53:06+00:00,https://www.mineduc.gob.gt/BUSCAESTABLECIMIENTO_GE/,DIVERSIFICADO,TODOS,TODOS,TODOS,CHIQUIMULA,20,
20-09-0038-46,20-007,CHIQUIMULA,QUEZALTEPEQUE,COMPLEJO EDUCATIVO INTERCULTURAL,COLONIA SANTA FILOMENA ZONA 2,,EDGAR ANIBAL MENENDEZ VELASQUEZ,MARIA ESTHER MARCOS LOPEZ,DIVERSIFICADO,PRIVADO,URBANA,CERRADA DEFINITIVAMENTE,MONOLINGUE,MATUTINA,DIARIO(REGULAR),CHIQUIMULA,2026-07-14T23:53:06+00:00,https://www.mineduc.gob.gt/BUSCAESTABLECIMIENTO_GE/,DIVERSIFICADO,TODOS,TODOS,TODOS,CHIQUIMULA,20,
20-09-0039-46,20-038,CHIQUIMULA,QUEZALTEPEQUE,INSTITUTO PARA MAESTRAS DE EDUCACION PREPRIMARIA INTERCULTURAL,9. CALLEJON 1-72 ZONA 1,41516678,RICARDO URIEL SAMAYOA TRIGUEROS,VICTORIA ABIGAIL RUIZ DIAZ,DIVERSIFICADO,PRIVADO,URBANA,CERRADA TEMPORALMENTE,MONOLINGUE,MATUTINA,DIARIO(REGULAR),CHIQUIMULA,2026-07-14T23:53:06+00:00,https://www.mineduc.gob.gt/BUSCAESTABLECIMIENTO_GE/,DIVERSIFICADO,TODOS,TODOS,TODOS,CHIQUIMULA,20,
20-09-0040-46,20-038,CHIQUIMULA,QUEZALTEPEQUE,LICEO TECNICO QUEZALTEPEQUE,9. CALLEJON 1-72 ZONA 1,55101858,RICARDO URIEL SAMAYOA TRIGUEROS,ELOINA MARGOTH SANDOVAL VILLAFUERTE,DIVERSIFICADO,PRIVADO,URBANA,CERRADA DEFINITIVAMENTE,MONOLINGUE,VESPERTINA,DIARIO(REGULAR),CHIQUIMULA,2026-07-14T23:53:06+00:00,https://www.mineduc.gob.gt/BUSCAESTABLECIMIENTO_GE/,DIVERSIFICADO,TODOS,TODOS,TODOS,CHIQUIMULA,20,
20-09-0041-46,20-038,CHIQUIMULA,QUEZALTEPEQUE,LICEO TECNICO QUEZALTEPEQUE,9NO. CALLEJON 1-72 ZONA 1,55101858,RICARDO URIEL SAMAYOA TRIGUEROS,ELOINA MARGOTH SANDOVAL VILLAFUERTE,DIVERSIFICADO,PRIVADO,URBANA,CERRADA DEFINITIVAMENTE,MONOLINGUE,DOBLE,FIN DE SEMANA,CHIQUIMULA,2026-07-14T23:53:06+00:00,https://www.mineduc.gob.gt/BUSCAESTABLECIMIENTO_GE/,DIVERSIFICADO,TODOS,TODOS,TODOS,CHIQUIMULA,20,
20-09-0043-46,20-09-1180,CHIQUIMULA,QUEZALTEPEQUE,COMPLEJO EDUCATIVO INTERCULTURAL,COLONIA SANTA FILOMENA ZONA 2,79440254,MARÍA ROSSALYN LANDAVERRY LÓPEZ DE URRUTIA,MARIA ESTHER MARCOS LOPEZ,DIVERSIFICADO,PRIVADO,URBANA,ABIERTA,MONOLINGUE,VESPERTINA,DIARIO(REGULAR),CHIQUIMULA,2026-07-14T23:53:06+00:00,https://www.mineduc.gob.gt/BUSCAESTABLECIMIENTO_GE/,DIVERSIFICADO,TODOS,TODOS,TODOS,CHIQUIMULA,20,
20-09-0044-46,20-09-1179,CHIQUIMULA,QUEZALTEPEQUE,"COLEGIO CATOLICO PRIVADO MIXTO ""SAN FRANCISCO DE ASIS""","COLONIA SANTA FILOMENA, ZONA 2",52075093,ARCENY JOSUÉ MORALES REYES,JUAN LUIS MIGUEL AGOSTO,DIVERSIFICADO,PRIVADO,URBANA,ABIERTA,MONOLINGUE,VESPERTINA,DIARIO(REGULAR),CHIQUIMULA,2026-07-14T23:53:06+00:00,https://www.mineduc.gob.gt/BUSCAESTABLECIMIENTO_GE/,DIVERSIFICADO,TODOS,TODOS,TODOS,CHIQUIMULA,20,
20-09-0045-46,20-09-1182,CHIQUIMULA,QUEZALTEPEQUE,LICEO TECNICO QUEZALTEPEQUE,9. CALLEJON 1-72 ZONA 1,55101858,MIRNA MARLENY JUÁREZ PÉREZ,ELOINA MARGOTH SANDOVAL VILLAFUERTE,DIVERSIFICADO,PRIVADO,URBANA,ABIERTA,MONOLINGUE,MATUTINA,DIARIO(REGULAR),CHIQUIMULA,2026-07-14T23:53:06+00:00,https://www.mineduc.gob.gt/BUSCAESTABLECIMIENTO_GE/,DIVERSIFICADO,TODOS,TODOS,TODOS,CHIQUIMULA,20,
20-09-0056-46,20-09-1180,CHIQUIMULA,QUEZALTEPEQUE,COMPLEJO EDUCATIVO INTERCULTURAL,"COLONIA SANTA FILOMENA, ZONA 2",33721515,MARÍA ROSSALYN LANDAVERRY LÓPEZ DE URRUTIA,ORFA RECINOS RIVERA,DIVERSIFICADO,PRIVADO,URBANA,ABIERTA,MONOLINGUE,DOBLE,DIARIO(REGULAR),CHIQUIMULA,2026-07-14T23:53:06+00:00,https://www.mineduc.gob.gt/BUSCAESTABLECIMIENTO_GE/,DIVERSIFICADO,TODOS,TODOS,TODOS,CHIQUIMULA,20,
20-09-0058-46,20-038,CHIQUIMULA,QUEZALTEPEQUE,COLEGIO ADVENTISTA REDENCIÓN,14 CALLEJON 3-11 ZONA 2 COLONIA VILLA LORENA,79440353,RICARDO URIEL SAMAYOA TRIGUEROS,BLANCA EDINA PÉREZ FELIPE,DIVERSIFICADO,PRIVADO,URBANA,CERRADA TEMPORALMENTE,MONOLINGUE,VESPERTINA,DIARIO(REGULAR),CHIQUIMULA,2026-07-14T23:53:06+00:00,https://www.mineduc.gob.gt/BUSCAESTABLECIMIENTO_GE/,DIVERSIFICADO,TODOS,TODOS,TODOS,CHIQUIMULA,20,
20-09-0059-46,20-007,CHIQUIMULA,QUEZALTEPEQUE,INSTITUTO PRIVADO MIXTO NOCTURNO DE CIENCIAS COMERCIALES,COLONIA SANTA FILOMENA ZONA 2,79440254,EDGAR ANIBAL MENENDEZ VELASQUEZ,REINALDO JOÉL MARROQUÍN TORRES,DIVERSIFICADO,PRIVADO,URBANA,CERRADA DEFINITIVAMENTE,MONOLINGUE,DOBLE,DIARIO(REGULAR),CHIQUIMULA,2026-07-14T23:53:06+00:00,https://www.mineduc.gob.gt/BUSCAESTABLECIMIENTO_GE/,DIVERSIFICADO,TODOS,TODOS,TODOS,CHIQUIMULA,20,
20-09-0060-46,20-09-1182,CHIQUIMULA,QUEZALTEPEQUE,INSTITUTO PRIVADO MIXTO NOCTURNO DE CIENCIAS COMERCIALES,"COLONIA SANTA FILOMENA, ZONA 2",33721515,MIRNA MARLENY JUÁREZ PÉREZ,OLGA ELENA CASTAÑEDA MOLINA,DIVERSIFICADO,PRIVADO,URBANA,ABIERTA,MONOLINGUE,DOBLE,FIN DE SEMANA,CHIQUIMULA,2026-07-14T23:53:06+00:00,https://www.mineduc.gob.gt/BUSCAESTABLECIMIENTO_GE/,DIVERSIFICADO,TODOS,TODOS,TODOS,CHIQUIMULA,20,
20-09-0063-46,20-09-1182,CHIQUIMULA,QUEZALTEPEQUE,LICEO TÉCNICO QUEZALTEPEQUE,9NO. CALLEJÓN 1-72 ZONA 1,55101858,MIRNA MARLENY JUÁREZ PÉREZ,ELOINA MARGOTH SANDOVAL VILLAFUERTE,DIVERSIFICADO,PRIVADO,URBANA,ABIERTA,MONOLINGUE,DOBLE,FIN DE SEMANA,CHIQUIMULA,2026-07-14T23:53:06+00:00,https://www.mineduc.gob.gt/BUSCAESTABLECIMIENTO_GE/,DIVERSIFICADO,TODOS,TODOS,TODOS,CHIQUIMULA,20,
20-09-0064-46,20-09-1181,CHIQUIMULA,QUEZALTEPEQUE,COLEGIO ADVENTISTA REDENCIÓN,14 CALLEJÓN 3-11 ZONA 2 COLONIA VILLA LORENA,47005938,SONIA FAVIOLA FRANCO GARCÍA DE CALDERON,CLAUDIA ASTRID DAVILA GUTIERREZ,DIVERSIFICADO,PRIVADO,URBANA,ABIERTA,MONOLINGUE,MATUTINA,DIARIO(REGULAR),CHIQUIMULA,2026-07-14T23:53:06+00:00,https://www.mineduc.gob.gt/BUSCAESTABLECIMIENTO_GE/,DIVERSIFICADO,TODOS,TODOS,TODOS,CHIQUIMULA,20,
20-09-0068-46,20-038,CHIQUIMULA,QUEZALTEPEQUE,LICEO TÉCNICO QUEZALTEPEQUE,9NO. CALLEJÓN 1-72 ZONA 1,79440476,RICARDO URIEL SAMAYOA TRIGUEROS,ELOINA MARGOTH SANDOVAL VILLAFUERTE,DIVERSIFICADO,PRIVADO,URBANA,CERRADA DEFINITIVAMENTE,MONOLINGUE,DOBLE,DIARIO(REGULAR),CHIQUIMULA,2026-07-14T23:53:06+00:00,https://www.mineduc.gob.gt/BUSCAESTABLECIMIENTO_GE/,DIVERSIFICADO,TODOS,TODOS,TODOS,CHIQUIMULA,20,
20-09-0069-46,20-030,CHIQUIMULA,QUEZALTEPEQUE,CENTRO DE EDUCACIÓN EXTRAESCOLAR -CEEX- FUNCAFE,1ERA. CALLE 4-59 ZONA 1,33086541,VILMA ESPERANZA LOPEZ INTERIANO,SINDY YAMALÍ VÁSQUEZ PASCUAL,DIVERSIFICADO,OFICIAL,URBANA,ABIERTA,MONOLINGUE,DOBLE,FIN DE SEMANA,CHIQUIMULA,2026-07-14T23:53:06+00:00,https://www.mineduc.gob.gt/BUSCAESTABLECIMIENTO_GE/,DIVERSIFICADO,TODOS,TODOS,TODOS,CHIQUIMULA,20,
20-09-0071-46,20-09-1182,CHIQUIMULA,QUEZALTEPEQUE,LICEO TÉCNICO QUEZALTEPEQUE,9. CALLEJON 1-72 ZONA 1,55101858,MIRNA MARLENY JUÁREZ PÉREZ,ELOINA MARGOTH SANDOVAL VILLAFUERTE,DIVERSIFICADO,PRIVADO,URBANA,ABIERTA,MONOLINGUE,SIN JORNADA,SEMIPRESENCIAL (UN DÍA A LA SEMANA),CHIQUIMULA,2026-07-14T23:53:06+00:00,https://www.mineduc.gob.gt/BUSCAESTABLECIMIENTO_GE/,DIVERSIFICADO,TODOS,TODOS,TODOS,CHIQUIMULA,20,
20-09-0073-46,20-09-1182,CHIQUIMULA,QUEZALTEPEQUE,INSTITUTO PRIVADO MIXTO NOCTURNO DE CIENCIAS COMERCIALES,"COLONIA SANTA FILOMENA, ZONA 2",33721515,MIRNA MARLENY JUÁREZ PÉREZ,OLGA ELENA CASTAÑEDA MOLINA,DIVERSIFICADO,PRIVADO,URBANA,ABIERTA,MONOLINGUE,SIN JORNADA,SEMIPRESENCIAL (UN DÍA A LA SEMANA),CHIQUIMULA,2026-07-14T23:53:06+00:00,https://www.mineduc.gob.gt/BUSCAESTABLECIMIENTO_GE/,DIVERSIFICADO,TODOS,TODOS,TODOS,CHIQUIMULA,20,
20-09-0113-46,20-09-1179,CHIQUIMULA,QUEZALTEPEQUE,INSTITUTO NACIONAL DE EDUCACIÓN DIVERSIFICADA,ALDEA NOCHÁN,32966413,ARCENY JOSUÉ MORALES REYES,JOSUÉ MANUEL GONZÁLEZ ESPINO,DIVERSIFICADO,OFICIAL,RURAL,ABIERTA,MONOLINGUE,VESPERTINA,DIARIO(REGULAR),CHIQUIMULA,2026-07-14T23:53:06+00:00,https://www.mineduc.gob.gt/BUSCAESTABLECIMIENTO_GE/,DIVERSIFICADO,TODOS,TODOS,TODOS,CHIQUIMULA,20,
20-09-0114-46,20-09-1180,CHIQUIMULA,QUEZALTEPEQUE,INSTITUTO NACIONAL DE EDUCACIÓN DIVERSIFICADA,"CASERÍO CEITILLAL, ALDEA CUBILETES",55746076,MARÍA ROSSALYN LANDAVERRY LÓPEZ DE URRUTIA,ARIANA VICTORIA VILLEDA RAMOS,DIVERSIFICADO,OFICIAL,RURAL,ABIERTA,MONOLINGUE,VESPERTINA,DIARIO(REGULAR),CHIQUIMULA,2026-07-14T23:53:06+00:00,https://www.mineduc.gob.gt/BUSCAESTABLECIMIENTO_GE/,DIVERSIFICADO,TODOS,TODOS,TODOS,CHIQUIMULA,20,
20-09-0408-46,20-09-1182,CHIQUIMULA,QUEZALTEPEQUE,INSTITUTO PRIVADO MIXTO NOCTURNO DE CIENCIAS COMERCIALES,COLONIA SANTA FILOMENA,79440254,MIRNA MARLENY JUÁREZ PÉREZ,REINALDO JOÉL MARROQUÍN TORRES,DIVERSIFICADO,PRIVADO,URBANA,ABIERTA,MONOLINGUE,NOCTURNA,DIARIO(REGULAR),CHIQUIMULA,2026-07-14T23:53:06+00:00,https://www.mineduc.gob.gt/BUSCAESTABLECIMIENTO_GE/,DIVERSIFICADO,TODOS,TODOS,TODOS,CHIQUIMULA,20,
20-09-1525-46,20-09-1182,CHIQUIMULA,QUEZALTEPEQUE,LICEO TECNICO QUEZALTEPEQUE,9NO. CALLEJON 1-72 ZONA 1,55101858,MIRNA MARLENY JUÁREZ PÉREZ,ELOINA MARGOTH SANDOVAL VILLAFUERTE,DIVERSIFICADO,PRIVADO,URBANA,ABIERTA,MONOLINGUE,VESPERTINA,DIARIO(REGULAR),CHIQUIMULA,2026-07-14T23:53:06+00:00,https://www.mineduc.gob.gt/BUSCAESTABLECIMIENTO_GE/,DIVERSIFICADO,TODOS,TODOS,TODOS,CHIQUIMULA,20,
20-09-1555-46,20-038,CHIQUIMULA,QUEZALTEPEQUE,LICEO TECNICO QUEZALTEPEQUE,9 CALLEJON 1-72 ZONA 1,55101858,RICARDO URIEL SAMAYOA TRIGUEROS,,DIVERSIFICADO,PRIVADO,URBANA,CERRADA TEMPORALMENTE,MONOLINGUE,INTERMEDIA,DIARIO(REGULAR),CHIQUIMULA,2026-07-14T23:53:06+00:00,https://www.mineduc.gob.gt/BUSCAESTABLECIMIENTO_GE/,DIVERSIFICADO,TODOS,TODOS,TODOS,CHIQUIMULA,20,
20-09-1616-46,20-037,CHIQUIMULA,QUEZALTEPEQUE,ESCUELA PRIVADA DE BACHILLERATO POR MADUREZ ADISQUE,2A. CALLE 2-36 ZONA 1,79440169,MIRNA MARLENY JUAREZ PEREZ,NERY ORLANDO GÁLVEZ GARCÍA,DIVERSIFICADO,PRIVADO,URBANA,CERRADA DEFINITIVAMENTE,MONOLINGUE,DOBLE,FIN DE SEMANA,CHIQUIMULA,2026-07-14T23:53:06+00:00,https://www.mineduc.gob.gt/BUSCAESTABLECIMIENTO_GE/,DIVERSIFICADO,TODOS,TODOS,TODOS,CHIQUIMULA,20,
20-09-1793-46,20-09-1181,CHIQUIMULA,QUEZALTEPEQUE,ESCUELA NORMAL DE EDUCACIÓN FÍSICA DOCTOR EN CIENCIAS POLÍTICAS Y SOCIALES MARIO ROLANDO TORRES MARROQUÍN,KILOMETRO 197 CARRETERA A ESQUIPULAS COLONIA LOS PINOS,46430310,SONIA FAVIOLA FRANCO GARCÍA DE CALDERON,LUIS EDUARDO FRANCISCO ELGUETA ANDRINO,DIVERSIFICADO,OFICIAL,URBANA,ABIERTA,MONOLINGUE,DOBLE,DIARIO(REGULAR),CHIQUIMULA,2026-07-14T23:53:06+00:00,https://www.mineduc.gob.gt/BUSCAESTABLECIMIENTO_GE/,DIVERSIFICADO,TODOS,TODOS,TODOS,CHIQUIMULA,20,
20-09-1794-46,20-09-1180,CHIQUIMULA,QUEZALTEPEQUE,INSTITUTO DE BACHILLERATO EN COMPUTACION,3A. AV. 1-68 ZONA 1,79439675,MARÍA ROSSALYN LANDAVERRY LÓPEZ DE URRUTIA,WILLIAM EDUARDO MORALES GONZÁLEZ,DIVERSIFICADO,OFICIAL,URBANA,ABIERTA,MONOLINGUE,VESPERTINA,DIARIO(REGULAR),CHIQUIMULA,2026-07-14T23:53:06+00:00,https://www.mineduc.gob.gt/BUSCAESTABLECIMIENTO_GE/,DIVERSIFICADO,TODOS,TODOS,TODOS,CHIQUIMULA,20,
20-09-2271-46,20-09-1182,CHIQUIMULA,QUEZALTEPEQUE,INSTITUTO PRIVADO MIXTO NOCTURNO DE CIENCIAS COMERCIALES,"COLONIA SANTA FILOMENA, ZONA 2",33721515,MIRNA MARLENY JUÁREZ PÉREZ,OLGA ELENA CASTAÑEDA MOLINA,DIVERSIFICADO,PRIVADO,URBANA,ABIERTA,MONOLINGUE,VESPERTINA,DIARIO(REGULAR),CHIQUIMULA,2026-07-14T23:53:06+00:00,https://www.mineduc.gob.gt/BUSCAESTABLECIMIENTO_GE/,DIVERSIFICADO,TODOS,TODOS,TODOS,CHIQUIMULA,20,
20-09-2362-46,20-037,CHIQUIMULA,QUEZALTEPEQUE,INSTITUTO PRIVADO MIXTO NOCTURNO DE CIENCIAS COMERCIALES,COLONIA SANTA FILOMENA ZONA 2 QUEZALTEPEQUE,79440254,MIRNA MARLENY JUAREZ PEREZ,OLGA ELENA CASTAÑEDA MOLINA,DIVERSIFICADO,PRIVADO,URBANA,CERRADA DEFINITIVAMENTE,MONOLINGUE,DOBLE,FIN DE SEMANA,CHIQUIMULA,2026-07-14T23:53:06+00:00,https://www.mineduc.gob.gt/BUSCAESTABLECIMIENTO_GE/,DIVERSIFICADO,TODOS,TODOS,TODOS,CHIQUIMULA,20,
20-09-2363-46,20-038,CHIQUIMULA,QUEZALTEPEQUE,LICEO TECNICO QUEZALTEPEQUE,9 CALLEJON 1-72 ZONA 1,55101659,RICARDO URIEL SAMAYOA TRIGUEROS,JUAN LUIS MIGUEL AGOSTO,DIVERSIFICADO,PRIVADO,URBANA,CERRADA TEMPORALMENTE,MONOLINGUE,NOCTURNA,DIARIO(REGULAR),CHIQUIMULA,2026-07-14T23:53:06+00:00,https://www.mineduc.gob.gt/BUSCAESTABLECIMIENTO_GE/,DIVERSIFICADO,TODOS,TODOS,TODOS,CHIQUIMULA,20,
20-10-0013-46,20-10-1183,CHIQUIMULA,SAN JACINTO,INSTITUTO NACIONAL DE EDUCACION DIVERSIFICADA,BARRIO EL CENTRO SAN JACINTO,58070174,OSWALDO RAFAEL SALINAS BRENES,NOLVIA DANILDA MÉNDEZ RAMÍREZ,DIVERSIFICADO,OFICIAL,URBANA,ABIERTA,MONOLINGUE,VESPERTINA,DIARIO(REGULAR),CHIQUIMULA,2026-07-14T23:53:06+00:00,https://www.mineduc.gob.gt/BUSCAESTABLECIMIENTO_GE/,DIVERSIFICADO,TODOS,TODOS,TODOS,CHIQUIMULA,20,
20-10-0020-46,20-030,CHIQUIMULA,SAN JACINTO,CENTRO DE EDUCACIÓN EXTRAESCOLAR -CEEX- FUNCAFE,ALDEA TIZUBÍN,55372091,VILMA ESPERANZA LOPEZ INTERIANO,DINA RAMÍREZ MARCOS,DIVERSIFICADO,OFICIAL,RURAL,ABIERTA,MONOLINGUE,DOBLE,FIN DE SEMANA,CHIQUIMULA,2026-07-14T23:53:06+00:00,https://www.mineduc.gob.gt/BUSCAESTABLECIMIENTO_GE/,DIVERSIFICADO,TODOS,TODOS,TODOS,CHIQUIMULA,20,
20-10-0039-46,20-10-1189,CHIQUIMULA,SAN JACINTO,INSTITUTO NACIONAL DE EDUCACIÓN DIVERSIFICADA,ALDEA LOMAS,47917296,RONY JOSÉ ALDANA ESPAÑA,ERICK DANIEL MARTÍNEZ PÉREZ,DIVERSIFICADO,OFICIAL,RURAL,ABIERTA,MONOLINGUE,VESPERTINA,DIARIO(REGULAR),CHIQUIMULA,2026-07-14T23:53:06+00:00,https://www.mineduc.gob.gt/BUSCAESTABLECIMIENTO_GE/,DIVERSIFICADO,TODOS,TODOS,TODOS,CHIQUIMULA,20,
20-11-0001-46,20-11-1186,CHIQUIMULA,IPALA,"INSTITUTO TECNICO INDUSTRIAL ""ALBERT EINSTEIN""",1A. DIAGONAL 2-44 ZONA 1,41585052,NILDA MARITZA ARROYO RODRÍGUEZ,ELSY MARINA RAMÍREZ RAMÍREZ,DIVERSIFICADO,PRIVADO,URBANA,ABIERTA,MONOLINGUE,DOBLE,DIARIO(REGULAR),CHIQUIMULA,2026-07-14T23:53:06+00:00,https://www.mineduc.gob.gt/BUSCAESTABLECIMIENTO_GE/,DIVERSIFICADO,TODOS,TODOS,TODOS,CHIQUIMULA,20,
20-11-0002-46,20-041,CHIQUIMULA,IPALA,"INSTITUTO TECNICO INDUSTRIAL ""ALBERT EINSTEIN""","2A. CALLE ""A"" 1-83 ZONA 3 BARRIO EL MAESTRO",,JUAN DE DIOS MONROY RAMIREZ,---,DIVERSIFICADO,PRIVADO,URBANA,CERRADA DEFINITIVAMENTE,MONOLINGUE,VESPERTINA,DIARIO(REGULAR),CHIQUIMULA,2026-07-14T23:53:06+00:00,https://www.mineduc.gob.gt/BUSCAESTABLECIMIENTO_GE/,DIVERSIFICADO,TODOS,TODOS,TODOS,CHIQUIMULA,20,
20-11-0003-46,20-018,CHIQUIMULA,IPALA,"INSTITUTO TECNICO INDUSTRIAL ""ALBERT EINSTEIN""",1A. DIAGONAL 2-44 ZONA 1,30440845,NILDA MARITZA ARROYO RODRIGUEZ,SINDY SIOMARA FOLGAR MARTÍNEZ,DIVERSIFICADO,PRIVADO,URBANA,CERRADA DEFINITIVAMENTE,MONOLINGUE,MATUTINA,DIARIO(REGULAR),CHIQUIMULA,2026-07-14T23:53:06+00:00,https://www.mineduc.gob.gt/BUSCAESTABLECIMIENTO_GE/,DIVERSIFICADO,TODOS,TODOS,TODOS,CHIQUIMULA,20,
20-11-0009-46,20-11-1185,CHIQUIMULA,IPALA,COLEGIO PRIVADO DE BACHILLERATO POR MADUREZ EMMANUEL,RUTA NACIONAL 1-23 ZONA 1,46310501,DANY FRANCISCO PALMA CARTAGENA,CELMA YOLANDA MORALES SALGUERO,DIVERSIFICADO,PRIVADO,URBANA,ABIERTA,MONOLINGUE,DOBLE,FIN DE SEMANA,CHIQUIMULA,2026-07-14T23:53:06+00:00,https://www.mineduc.gob.gt/BUSCAESTABLECIMIENTO_GE/,DIVERSIFICADO,TODOS,TODOS,TODOS,CHIQUIMULA,20,
20-11-0012-46,20-11-1186,CHIQUIMULA,IPALA,INSTITUTO NACIONAL DE EDUCACION DIVERSIFICADA,ALDEA EL SUYATE,31049608,NILDA MARITZA ARROYO RODRÍGUEZ,GILMER LEONARD VILLAFUERTE LOPEZ,DIVERSIFICADO,OFICIAL,RURAL,ABIERTA,MONOLINGUE,VESPERTINA,DIARIO(REGULAR),CHIQUIMULA,2026-07-14T23:53:06+00:00,https://www.mineduc.gob.gt/BUSCAESTABLECIMIENTO_GE/,DIVERSIFICADO,TODOS,TODOS,TODOS,CHIQUIMULA,20,
20-11-0029-46,20-11-1184,CHIQUIMULA,IPALA,"COLEGIO PARTICULAR MIXTO ""PROYECCION""",1 AVENIDA 1-35 ZONA 5,79428303,JUAN DE DIOS MONROY RAMÍREZ,AURA GUILLERMINA PÉREZ,DIVERSIFICADO,PRIVADO,URBANA,ABIERTA,MONOLINGUE,DOBLE,DIARIO(REGULAR),CHIQUIMULA,2026-07-14T23:53:06+00:00,https://www.mineduc.gob.gt/BUSCAESTABLECIMIENTO_GE/,DIVERSIFICADO,TODOS,TODOS,TODOS,CHIQUIMULA,20,
20-11-0030-46,20-11-1186,CHIQUIMULA,IPALA,COLEGIO PARTICULAR MIXTO PROYECCIÓN,1A. AVENIDA 1-35 ZONA 5,79428303,NILDA MARITZA ARROYO RODRÍGUEZ,AURA GUILLERMINA PÉREZ DE GÁLVAN,DIVERSIFICADO,PRIVADO,URBANA,ABIERTA,MONOLINGUE,MATUTINA,DIARIO(REGULAR),CHIQUIMULA,2026-07-14T23:53:06+00:00,https://www.mineduc.gob.gt/BUSCAESTABLECIMIENTO_GE/,DIVERSIFICADO,TODOS,TODOS,TODOS,CHIQUIMULA,20,
20-11-0034-46,20-018,CHIQUIMULA,IPALA,COLEGIO INTEGRAL GUATEMALTECO CON INNOVACIÓN AMERICANA CIGA,3A. CALLE A 1-43 ZONA 1 BARRIO LA REFORMA,40586231,NILDA MARITZA ARROYO RODRIGUEZ,ELIZABETH DESAMU PEREZ,DIVERSIFICADO,PRIVADO,URBANA,CERRADA DEFINITIVAMENTE,MONOLINGUE,DOBLE,FIN DE SEMANA,CHIQUIMULA,2026-07-14T23:53:06+00:00,https://www.mineduc.gob.gt/BUSCAESTABLECIMIENTO_GE/,DIVERSIFICADO,TODOS,TODOS,TODOS,CHIQUIMULA,20,
20-11-0038-46,20-018,CHIQUIMULA,IPALA,COLEGIO INTEGRAL GUATEMALTECO CON INNOVACIÓN AMERICANA CIGA,3A. CALLE A 1-43 ZONA 1 BARRIO LA REFORMA,45208930,NILDA MARITZA ARROYO RODRIGUEZ,JUAN DANIEL LOPEZ DESAMU,DIVERSIFICADO,PRIVADO,URBANA,CERRADA DEFINITIVAMENTE,MONOLINGUE,VESPERTINA,DIARIO(REGULAR),CHIQUIMULA,2026-07-14T23:53:06+00:00,https://www.mineduc.gob.gt/BUSCAESTABLECIMIENTO_GE/,DIVERSIFICADO,TODOS,TODOS,TODOS,CHIQUIMULA,20,
20-11-0040-46,20-039,CHIQUIMULA,IPALA,LICEO IPALTECO,1A. CALLE 2-78 ZONA 1,79428484,EDGAR ANIBAL MENENDEZ VELASQUEZ,LUCINDA DEL CARMEN BERGANZA ACEVEDO,DIVERSIFICADO,PRIVADO,URBANA,CERRADA DEFINITIVAMENTE,MONOLINGUE,DOBLE,DIARIO(REGULAR),CHIQUIMULA,2026-07-14T23:53:06+00:00,https://www.mineduc.gob.gt/BUSCAESTABLECIMIENTO_GE/,DIVERSIFICADO,TODOS,TODOS,TODOS,CHIQUIMULA,20,
20-11-0041-46,20-041,CHIQUIMULA,IPALA,LICEO IPALTECO,1A. CALLE 2-78 ZONA 4,79428484,JUAN DE DIOS MONROY RAMIREZ,LUCINDA DEL CARMEN BERGANZA ACEVEDO,DIVERSIFICADO,PRIVADO,URBANA,CERRADA DEFINITIVAMENTE,MONOLINGUE,MATUTINA,DIARIO(REGULAR),CHIQUIMULA,2026-07-14T23:53:06+00:00,https://www.mineduc.gob.gt/BUSCAESTABLECIMIENTO_GE/,DIVERSIFICADO,TODOS,TODOS,TODOS,CHIQUIMULA,20,
20-11-0042-46,20-11-1186,CHIQUIMULA,IPALA,COLEGIO ADVENTISTA EL SINAÍ,1A. DIAGONAL 2-32 ZONA 1,53593193,NILDA MARITZA ARROYO RODRÍGUEZ,SANDRA YANET VÁSQUEZ,DIVERSIFICADO,PRIVADO,URBANA,ABIERTA,MONOLINGUE,MATUTINA,DIARIO(REGULAR),CHIQUIMULA,2026-07-14T23:53:06+00:00,https://www.mineduc.gob.gt/BUSCAESTABLECIMIENTO_GE/,DIVERSIFICADO,TODOS,TODOS,TODOS,CHIQUIMULA,20,
20-11-0044-46,20-11-1185,CHIQUIMULA,IPALA,COLEGIO PARTICULAR MIXTO CATÓLICO NUESTRA SEÑORA DE LA ESPERANZA,1A. AVENIDA 3-99 ZONA 2 SECTOR BARRIO LA REFORMA,50484070,DANY FRANCISCO PALMA CARTAGENA,SUSETTE DOLORES LAM PÉREZ,DIVERSIFICADO,PRIVADO,URBANA,ABIERTA,MONOLINGUE,DOBLE,DIARIO(REGULAR),CHIQUIMULA,2026-07-14T23:53:06+00:00,https://www.mineduc.gob.gt/BUSCAESTABLECIMIENTO_GE/,DIVERSIFICADO,TODOS,TODOS,TODOS,CHIQUIMULA,20,
20-11-0049-46,20-11-1184,CHIQUIMULA,IPALA,LICEO IPALTECO EN COMPUTACIÓN,1A. CALLE 2-78 ZONA 4,79428484,JUAN DE DIOS MONROY RAMÍREZ,LUCINDA DEL CARMEN BERGANZA ACEVEDO,DIVERSIFICADO,PRIVADO,URBANA,ABIERTA,MONOLINGUE,MATUTINA,DIARIO(REGULAR),CHIQUIMULA,2026-07-14T23:53:06+00:00,https://www.mineduc.gob.gt/BUSCAESTABLECIMIENTO_GE/,DIVERSIFICADO,TODOS,TODOS,TODOS,CHIQUIMULA,20,
20-11-0050-46,20-11-1184,CHIQUIMULA,IPALA,LICEO IPALTECO EN COMPUTACIÓN,1A. CALLE 2-78 ZONA 4,79428484,JUAN DE DIOS MONROY RAMÍREZ,LUCINDA DEL CARMEN BERGANZA ACEVEDO,DIVERSIFICADO,PRIVADO,URBANA,ABIERTA,MONOLINGUE,VESPERTINA,DIARIO(REGULAR),CHIQUIMULA,2026-07-14T23:53:06+00:00,https://www.mineduc.gob.gt/BUSCAESTABLECIMIENTO_GE/,DIVERSIFICADO,TODOS,TODOS,TODOS,CHIQUIMULA,20,
20-11-0051-46,20-041,CHIQUIMULA,IPALA,LICEO IPALTECO EN COMPUTACIÓN,1A. CALLE 2-78 ZONA 4,79428484,JUAN DE DIOS MONROY RAMIREZ,LUCINDA DEL CARMEN BERGANZA ACEVEDO,DIVERSIFICADO,PRIVADO,URBANA,CERRADA DEFINITIVAMENTE,MONOLINGUE,VESPERTINA,DIARIO(REGULAR),CHIQUIMULA,2026-07-14T23:53:06+00:00,https://www.mineduc.gob.gt/BUSCAESTABLECIMIENTO_GE/,DIVERSIFICADO,TODOS,TODOS,TODOS,CHIQUIMULA,20,
20-11-0053-46,20-11-1185,CHIQUIMULA,IPALA,COLEGIO PRIVADO DE BACHILLERATO POR MADUREZ EMMANUEL,RUTA NACIONAL 1-23 ZONA 1,46310501,DANY FRANCISCO PALMA CARTAGENA,CELMA YOLANDA MORALES SALGUERO,DIVERSIFICADO,PRIVADO,URBANA,ABIERTA,MONOLINGUE,SIN JORNADA,SEMIPRESENCIAL (UN DÍA A LA SEMANA),CHIQUIMULA,2026-07-14T23:53:06+00:00,https://www.mineduc.gob.gt/BUSCAESTABLECIMIENTO_GE/,DIVERSIFICADO,TODOS,TODOS,TODOS,CHIQUIMULA,20,
20-11-0055-46,20-11-1186,CHIQUIMULA,IPALA,"INSTITUTO TÉCNICO INDUSTRIAL ""ALBERT EINSTEIN""",1A. DIAGONAL 2-44 ZONA 1,41585052,NILDA MARITZA ARROYO RODRÍGUEZ,RUDY YOVANI ARROYO RODRÍGUEZ,DIVERSIFICADO,PRIVADO,URBANA,ABIERTA,MONOLINGUE,VESPERTINA,DIARIO(REGULAR),CHIQUIMULA,2026-07-14T23:53:06+00:00,https://www.mineduc.gob.gt/BUSCAESTABLECIMIENTO_GE/,DIVERSIFICADO,TODOS,TODOS,TODOS,CHIQUIMULA,20,
20-11-0072-46,20-11-1185,CHIQUIMULA,IPALA,INSTITUTO DE EDUCACION DIVERSIFICADA POR COOPERATIVA DE ENSEÑANZA,"1A. CALLE ""A"" 4-98 ZONA 1",36302107,DANY FRANCISCO PALMA CARTAGENA,JACINTA ESTELA FOLGAR SANDOVAL,DIVERSIFICADO,COOPERATIVA,URBANA,ABIERTA,MONOLINGUE,DOBLE,DIARIO(REGULAR),CHIQUIMULA,2026-07-14T23:53:06+00:00,https://www.mineduc.gob.gt/BUSCAESTABLECIMIENTO_GE/,DIVERSIFICADO,TODOS,TODOS,TODOS,CHIQUIMULA,20,
20-11-0084-46,20-11-1186,CHIQUIMULA,IPALA,INSTITUTO NACIONAL DE EDUCACIÓN DIVERSIFICADA,ALDEA SAN FRANCISCO,41727302,NILDA MARITZA ARROYO RODRÍGUEZ,DUNIA MARLENE LÓPEZ MARTÍNEZ,DIVERSIFICADO,OFICIAL,RURAL,ABIERTA,MONOLINGUE,VESPERTINA,DIARIO(REGULAR),CHIQUIMULA,2026-07-14T23:53:06+00:00,https://www.mineduc.gob.gt/BUSCAESTABLECIMIENTO_GE/,DIVERSIFICADO,TODOS,TODOS,TODOS,CHIQUIMULA,20,
20-11-0464-46,20-11-1184,CHIQUIMULA,IPALA,"COLEGIO PARTICULAR MIXTO ""PROYECCION""",1 AVENIDA 1-35 ZONA 5,79428303,JUAN DE DIOS MONROY RAMÍREZ,AURA GUILLERMINA PÉREZ,DIVERSIFICADO,PRIVADO,URBANA,ABIERTA,MONOLINGUE,VESPERTINA,DIARIO(REGULAR),CHIQUIMULA,2026-07-14T23:53:06+00:00,https://www.mineduc.gob.gt/BUSCAESTABLECIMIENTO_GE/,DIVERSIFICADO,TODOS,TODOS,TODOS,CHIQUIMULA,20,
20-11-1518-46,20-11-1185,CHIQUIMULA,IPALA,INSTITUTO DE EDUCACION DIVERSIFICADA POR COOPERATIVA DE ENSEÑANZA,"1A. CALLE ""A"" 4-98 ZONA 1",36302107,DANY FRANCISCO PALMA CARTAGENA,JACINTA ESTELA FOLGAR SANDOVAL,DIVERSIFICADO,COOPERATIVA,URBANA,ABIERTA,MONOLINGUE,VESPERTINA,DIARIO(REGULAR),CHIQUIMULA,2026-07-14T23:53:06+00:00,https://www.mineduc.gob.gt/BUSCAESTABLECIMIENTO_GE/,DIVERSIFICADO,TODOS,TODOS,TODOS,CHIQUIMULA,20,
20-11-1554-46,20-11-1185,CHIQUIMULA,IPALA,COLEGIO PARTICULAR MIXTO CATÓLICO NUESTRA SEÑORA DE LA ESPERANZA,"1A. AVENIDA 3-99 ZONA 2, SECTOR BARRIO LA REFORMA",58981789,DANY FRANCISCO PALMA CARTAGENA,SUSETTE DOLORES LAM PÉREZ,DIVERSIFICADO,PRIVADO,URBANA,ABIERTA,MONOLINGUE,VESPERTINA,DIARIO(REGULAR),CHIQUIMULA,2026-07-14T23:53:06+00:00,https://www.mineduc.gob.gt/BUSCAESTABLECIMIENTO_GE/,DIVERSIFICADO,TODOS,TODOS,TODOS,CHIQUIMULA,20,
20-11-2086-46,20-018,CHIQUIMULA,IPALA,COLEGIO PRIVADO DE BACHILLERATO POR MADUREZ EMMANUEL,RUTA NACIONAL 1-23 ZONA 1,46350501,NILDA MARITZA ARROYO RODRIGUEZ,CELMA YOLANDA MORALES SALGUERO,DIVERSIFICADO,PRIVADO,URBANA,CERRADA DEFINITIVAMENTE,MONOLINGUE,DOBLE,FIN DE SEMANA,CHIQUIMULA,2026-07-14T23:53:06+00:00,https://www.mineduc.gob.gt/BUSCAESTABLECIMIENTO_GE/,DIVERSIFICADO,TODOS,TODOS,TODOS,CHIQUIMULA,20,
20-11-2373-46,20-039,CHIQUIMULA,IPALA,LICEO IPALTECO,1A. CALLE 2-78 ZONA 4 IPALA,,EDGAR ANIBAL MENENDEZ VELASQUEZ,LUCINDA DEL CARMEN BERGANZA ACEVEDO,DIVERSIFICADO,PRIVADO,URBANA,CERRADA DEFINITIVAMENTE,MONOLINGUE,VESPERTINA,DIARIO(REGULAR),CHIQUIMULA,2026-07-14T23:53:06+00:00,https://www.mineduc.gob.gt/BUSCAESTABLECIMIENTO_GE/,DIVERSIFICADO,TODOS,TODOS,TODOS,CHIQUIMULA,20,
